/*
SQLyog Ultimate v9.01 
MySQL - 5.6.12-log : Database - db_wayn
*********************************************************************
*/

/*!40101 SET NAMES utf8 */;

/*!40101 SET SQL_MODE=''*/;

/*!40014 SET @OLD_UNIQUE_CHECKS=@@UNIQUE_CHECKS, UNIQUE_CHECKS=0 */;
/*!40014 SET @OLD_FOREIGN_KEY_CHECKS=@@FOREIGN_KEY_CHECKS, FOREIGN_KEY_CHECKS=0 */;
/*!40101 SET @OLD_SQL_MODE=@@SQL_MODE, SQL_MODE='NO_AUTO_VALUE_ON_ZERO' */;
/*!40111 SET @OLD_SQL_NOTES=@@SQL_NOTES, SQL_NOTES=0 */;
CREATE DATABASE /*!32312 IF NOT EXISTS*/`db_wayn` /*!40100 DEFAULT CHARACTER SET latin1 */;

USE `db_wayn`;

/*Table structure for table `detail_transaksi` */

DROP TABLE IF EXISTS `detail_transaksi`;

CREATE TABLE `detail_transaksi` (
  `kode_detail_transaksi` int(11) NOT NULL AUTO_INCREMENT,
  `kode_transaksi` varchar(16) NOT NULL,
  `kode_jasa` int(11) NOT NULL,
  `harga` float NOT NULL,
  `jumlah` float NOT NULL,
  PRIMARY KEY (`kode_detail_transaksi`),
  KEY `kode_jasa` (`kode_jasa`),
  KEY `kode_transaksi` (`kode_transaksi`),
  CONSTRAINT `detail_transaksi_ibfk_1` FOREIGN KEY (`kode_jasa`) REFERENCES `jasa` (`kode_jasa`) ON DELETE CASCADE ON UPDATE CASCADE,
  CONSTRAINT `detail_transaksi_ibfk_2` FOREIGN KEY (`kode_transaksi`) REFERENCES `transaksi` (`kode_transaksi`) ON DELETE CASCADE ON UPDATE CASCADE
) ENGINE=InnoDB AUTO_INCREMENT=21 DEFAULT CHARSET=latin1;

/*Data for the table `detail_transaksi` */

/*Table structure for table `jasa` */

DROP TABLE IF EXISTS `jasa`;

CREATE TABLE `jasa` (
  `kode_jasa` int(11) NOT NULL AUTO_INCREMENT,
  `nama_jasa` varchar(128) NOT NULL,
  `harga` float NOT NULL,
  `keterangan` text NOT NULL,
  `status` enum('Aktif','Tidak Aktif') NOT NULL,
  PRIMARY KEY (`kode_jasa`)
) ENGINE=InnoDB AUTO_INCREMENT=5 DEFAULT CHARSET=latin1;

/*Data for the table `jasa` */

/*Table structure for table `kriteria_penilaian_segmentasi` */

DROP TABLE IF EXISTS `kriteria_penilaian_segmentasi`;

CREATE TABLE `kriteria_penilaian_segmentasi` (
  `kode_kriteria_penilaian_segmentasi` int(11) NOT NULL AUTO_INCREMENT,
  `nama_kriteria_penilaian_segmentasi` varchar(255) NOT NULL,
  `bobot_kriteria_penilaian_segmentasi` float NOT NULL,
  `kategori_kriteria_penilaian_segmentasi` enum('Belum Ditentukan','Cost','Benefit') DEFAULT NULL,
  `status` enum('Aktif','Tidak Aktif') NOT NULL,
  PRIMARY KEY (`kode_kriteria_penilaian_segmentasi`)
) ENGINE=InnoDB DEFAULT CHARSET=latin1;

/*Data for the table `kriteria_penilaian_segmentasi` */

/*Table structure for table `lokasi_calon_cabang` */

DROP TABLE IF EXISTS `lokasi_calon_cabang`;

CREATE TABLE `lokasi_calon_cabang` (
  `kode_lokasi_calon_cabang` int(11) NOT NULL AUTO_INCREMENT,
  `kode_wilayah_pasar` int(11) NOT NULL,
  `nama_lokasi_calon_cabang` varchar(128) NOT NULL,
  `keterangan` text NOT NULL,
  `lat` varchar(128) NOT NULL,
  `lng` varchar(128) NOT NULL,
  `status` enum('Aktif','Tidak Aktif') NOT NULL,
  PRIMARY KEY (`kode_lokasi_calon_cabang`),
  KEY `kode_wilayah_pasar` (`kode_wilayah_pasar`),
  CONSTRAINT `lokasi_calon_cabang_ibfk_1` FOREIGN KEY (`kode_wilayah_pasar`) REFERENCES `wilayah_pasar` (`kode_wilayah_pasar`) ON DELETE CASCADE ON UPDATE CASCADE
) ENGINE=InnoDB AUTO_INCREMENT=10 DEFAULT CHARSET=latin1;

/*Data for the table `lokasi_calon_cabang` */

/*Table structure for table `nilai_wilayah_pasar` */

DROP TABLE IF EXISTS `nilai_wilayah_pasar`;

CREATE TABLE `nilai_wilayah_pasar` (
  `kode_nilai_wilayah_pasar` int(11) NOT NULL AUTO_INCREMENT,
  `kode_kriteria_penilaian_segmentasi` int(11) NOT NULL,
  `kode_wilayah_pasar` int(11) NOT NULL,
  `nilai_alternatif` float NOT NULL,
  PRIMARY KEY (`kode_nilai_wilayah_pasar`),
  KEY `kode_kriteria_penilaian_segmentasi` (`kode_kriteria_penilaian_segmentasi`),
  KEY `kode_wilayah_pasar` (`kode_wilayah_pasar`),
  CONSTRAINT `nilai_wilayah_pasar_ibfk_4` FOREIGN KEY (`kode_wilayah_pasar`) REFERENCES `wilayah_pasar` (`kode_wilayah_pasar`) ON DELETE CASCADE ON UPDATE CASCADE,
  CONSTRAINT `nilai_wilayah_pasar_ibfk_3` FOREIGN KEY (`kode_kriteria_penilaian_segmentasi`) REFERENCES `kriteria_penilaian_segmentasi` (`kode_kriteria_penilaian_segmentasi`) ON DELETE CASCADE ON UPDATE CASCADE
) ENGINE=InnoDB DEFAULT CHARSET=latin1;

/*Data for the table `nilai_wilayah_pasar` */

/*Table structure for table `pegawai` */

DROP TABLE IF EXISTS `pegawai`;

CREATE TABLE `pegawai` (
  `nik` varchar(16) NOT NULL,
  `nama_pegawai` varchar(128) NOT NULL,
  `jabatan` varchar(32) NOT NULL,
  `alamat` text NOT NULL,
  `no_kontak` varchar(16) NOT NULL,
  `status` enum('Aktif','Tidak Aktif') NOT NULL,
  PRIMARY KEY (`nik`)
) ENGINE=InnoDB DEFAULT CHARSET=latin1;

/*Data for the table `pegawai` */

insert  into `pegawai`(`nik`,`nama_pegawai`,`jabatan`,`alamat`,`no_kontak`,`status`) values ('001100298','Direktur','Direktur Wayn Graph','-','-','Aktif'),('002020299','Manager','Manager Wayn Graph','','-','Aktif'),('003121202','Administrasi','Staff Administrasi','-','-','Aktif'),('004090989','Marketing','Marketing Wayn Graph','-','-','Aktif');

/*Table structure for table `pelanggan` */

DROP TABLE IF EXISTS `pelanggan`;

CREATE TABLE `pelanggan` (
  `kode_pelanggan` int(11) NOT NULL AUTO_INCREMENT,
  `kode_wilayah_pasar` int(11) NOT NULL,
  `nama_pelanggan` varchar(128) NOT NULL,
  `alamat` text NOT NULL,
  `no_kontak` varchar(16) NOT NULL,
  `username` varchar(128) DEFAULT NULL,
  `unencrypt_password` varchar(255) DEFAULT NULL,
  `password` varchar(255) DEFAULT NULL,
  `email` varchar(128) DEFAULT NULL,
  `status` enum('Aktif','Tidak Aktif') NOT NULL,
  PRIMARY KEY (`kode_pelanggan`),
  KEY `kode_wilayah_pasar` (`kode_wilayah_pasar`),
  CONSTRAINT `pelanggan_ibfk_2` FOREIGN KEY (`kode_wilayah_pasar`) REFERENCES `wilayah_pasar` (`kode_wilayah_pasar`) ON DELETE CASCADE ON UPDATE CASCADE
) ENGINE=InnoDB AUTO_INCREMENT=668 DEFAULT CHARSET=latin1;

/*Data for the table `pelanggan` */

insert  into `pelanggan`(`kode_pelanggan`,`kode_wilayah_pasar`,`nama_pelanggan`,`alamat`,`no_kontak`,`username`,`unencrypt_password`,`password`,`email`,`status`) values (1,9,'PAK YOGA','Jl. Astana Anyar','085 291 054 444','pakyoga','userwayngraph','2d52200a205f77b8c4631b41e5d6f0e5','-','Aktif'),(2,36,'PAK UJANG BE','Jl. Cihanjuang 202','081 805 845 958','pakujangbe','userwayngraph','2d52200a205f77b8c4631b41e5d6f0e5','-','Aktif'),(3,35,'PAK YANTO','Jl. Cibeber Cmh Tengah','081 345 688 678','pakyanto','userwayngraph','2d52200a205f77b8c4631b41e5d6f0e5','-','Aktif'),(4,24,'G PRINT','Jl. Sumur Bandung 2','081 245 688 678','gprint','userwayngraph','2d52200a205f77b8c4631b41e5d6f0e5','-','Aktif'),(5,27,'PAK NANANG','Jl. Wastukencana no 27','081 326 666 671','paknanang','userwayngraph','2d52200a205f77b8c4631b41e5d6f0e5','-','Aktif'),(6,20,'SMK CHEMICA','Jl. Jakarta','085 640 076 169','smkchemica','userwayngraph','2d52200a205f77b8c4631b41e5d6f0e5','-','Aktif'),(7,13,'LEE','Telkom','081 391 842 844','lee','userwayngraph','2d52200a205f77b8c4631b41e5d6f0e5','-','Aktif'),(8,24,'PAK FAAT','Bandung Kota','085 291 054 456','pakfaat','userwayngraph','2d52200a205f77b8c4631b41e5d6f0e5','-','Aktif'),(9,36,'ECOS','Gatsu Cmh','081 805 845 978','ecos','userwayngraph','2d52200a205f77b8c4631b41e5d6f0e5','-','Aktif'),(10,18,'PAK AHMAD','Jl. Cisaranten','081 325 628 678','pakahmad','userwayngraph','2d52200a205f77b8c4631b41e5d6f0e5','-','Aktif'),(11,27,'KATIMU','Jl. Wastukencana','081 325 551 775','katimu','userwayngraph','2d52200a205f77b8c4631b41e5d6f0e5','-','Aktif'),(12,23,'GHUROBA','Jl. Ahmad Yani 208','081 325 330 940','ghuroba','userwayngraph','2d52200a205f77b8c4631b41e5d6f0e5','-','Aktif'),(13,15,'PROPAM POLDA JBR','Jl. Bhayangkara A?asrama polda jabar?blok D4 ','081 390 718 392','propampoldajbr','userwayngraph','2d52200a205f77b8c4631b41e5d6f0e5','-','Aktif'),(14,9,'RONEL','Jl. Sudirman','081 326 279 171','ronel','userwayngraph','2d52200a205f77b8c4631b41e5d6f0e5','-','Aktif'),(15,24,'MJL','Jl. Sumur Bandung','085 225 789 398','mjl','userwayngraph','2d52200a205f77b8c4631b41e5d6f0e5','-','Aktif'),(16,27,'RJ SETTING','Jl. Wastukencana 48 a','085 229 762 084','rjsetting','userwayngraph','2d52200a205f77b8c4631b41e5d6f0e5','-','Aktif'),(17,36,'BETA','Jl.Hajigofur Cmh','081 326 707 819','beta','userwayngraph','2d52200a205f77b8c4631b41e5d6f0e5','-','Aktif'),(18,5,'A GUGUN ','Jl. Bougenville D No.12','085 640 958 788','agugun','userwayngraph','2d52200a205f77b8c4631b41e5d6f0e5','-','Aktif'),(19,27,'PAK ADE','Jl. Wastukencana','081 225 342 539','pakade','userwayngraph','2d52200a205f77b8c4631b41e5d6f0e5','-','Aktif'),(20,31,'ATTO ARTDESIGN','Jl.Sukajadi','081 225 743 68','attoartdesign','userwayngraph','2d52200a205f77b8c4631b41e5d6f0e5','-','Aktif'),(21,24,'URBAN','Bandung Kota','087 833 615 041','urban','userwayngraph','2d52200a205f77b8c4631b41e5d6f0e5','-','Aktif'),(22,9,'PAK DIKKI','Jl. Astana Anyar','085327333861?','pakdikki','userwayngraph','2d52200a205f77b8c4631b41e5d6f0e5','-','Aktif'),(23,10,'PAK RENDI','Jl. Lengkong','085 265 789 398','pakrendi','userwayngraph','2d52200a205f77b8c4631b41e5d6f0e5','-','Aktif'),(24,10,'SEPTI','Moch. Toha 20','085 229 762 084','septi','userwayngraph','2d52200a205f77b8c4631b41e5d6f0e5','-','Aktif'),(25,23,'KATUHU','Jl. Ahmad Yani','089 626 707 819','katuhu','userwayngraph','2d52200a205f77b8c4631b41e5d6f0e5','-','Aktif'),(26,28,'KENDIGI','Jl. Sukarajin ','082 225 342 539','kendigi','userwayngraph','2d52200a205f77b8c4631b41e5d6f0e5','-','Aktif'),(27,24,'PAK IMAN','Veteran 41','021-6888367','pakiman','userwayngraph','2d52200a205f77b8c4631b41e5d6f0e5','-','Aktif'),(28,22,'MC ABADI','Jl. KiaraCondong no 121','085 229 762 056','mcabadi','userwayngraph','2d52200a205f77b8c4631b41e5d6f0e5','-','Aktif'),(29,17,'PAK ACHMAD','Komp Ujung Berung regency','083 345 787 819','pakachmad','userwayngraph','2d52200a205f77b8c4631b41e5d6f0e5','-','Aktif'),(30,22,'NUNU','Darmahusada','085 640 788 788','nunu','userwayngraph','2d52200a205f77b8c4631b41e5d6f0e5','-','Aktif'),(31,30,'PAK IMAM','Dago Asri','081 225 342 689','pakimam','userwayngraph','2d52200a205f77b8c4631b41e5d6f0e5','-','Aktif'),(32,36,'TIGAS','Jl. Pasantren Cmh','081 780 342 689','tigas','userwayngraph','2d52200a205f77b8c4631b41e5d6f0e5','-','Aktif'),(33,7,'IMAN','Jl. Pilar kencana','081 222 342 689','iman','userwayngraph','2d52200a205f77b8c4631b41e5d6f0e5','-','Aktif'),(34,24,'PAK NANA','Sumur Bandung 101','081 833 615 041','paknana','userwayngraph','2d52200a205f77b8c4631b41e5d6f0e5','-','Aktif'),(35,11,'GIMAN','Jl. Pelajar Pejuang','+6285322222685?','giman','userwayngraph','2d52200a205f77b8c4631b41e5d6f0e5','-','Aktif'),(36,31,'OSSET','Jl. Sukagalih no63','082223720347?','osset','userwayngraph','2d52200a205f77b8c4631b41e5d6f0e5','-','Aktif'),(37,36,'ANGSANA ','Perum Pondok Mutiara Cmh','082113720777?','angsana','userwayngraph','2d52200a205f77b8c4631b41e5d6f0e5','-','Aktif'),(38,36,'PAK ENO','Cibabat Cimahi','089 632 444 507','pakeno','userwayngraph','2d52200a205f77b8c4631b41e5d6f0e5','-','Aktif'),(39,37,'MAHESA JAYA','Jl. Cibiru','0853-97243555???','mahesajaya','userwayngraph','2d52200a205f77b8c4631b41e5d6f0e5','-','Aktif'),(40,36,'RONI','Jl. Terusan','085 776 422 447','roni','userwayngraph','2d52200a205f77b8c4631b41e5d6f0e5','-','Aktif'),(41,27,'ALI MAJALAYA','Jl. Wastukencana','081219550857??','alimajalaya','userwayngraph','2d52200a205f77b8c4631b41e5d6f0e5','-','Aktif'),(42,15,'PAK NISKO','Soekarno Hatta','085 213 931 566','paknisko','userwayngraph','2d52200a205f77b8c4631b41e5d6f0e5','-','Aktif'),(43,11,'SKOTE','Jl. Cilentah No.30','082190730146?','skote','userwayngraph','2d52200a205f77b8c4631b41e5d6f0e5','-','Aktif'),(44,30,'ISTANA','Jl surapati 22','081 221 781 058','istana','userwayngraph','2d52200a205f77b8c4631b41e5d6f0e5','-','Aktif'),(45,36,'A LILI OFFSET','Jl. Jend. H. Amir Machmud Cmh','081 222 831 452','alilioffset','userwayngraph','2d52200a205f77b8c4631b41e5d6f0e5','-','Aktif'),(46,27,'DIMAS ALFABETA','jalan Tamasari','081 328 781 058','dimasalfabeta','userwayngraph','2d52200a205f77b8c4631b41e5d6f0e5','-','Aktif'),(47,26,'DIKKI UBER','Jl. Pasirkaliki','085 865 831 433','dikkiuber','userwayngraph','2d52200a205f77b8c4631b41e5d6f0e5','-','Aktif'),(48,8,'PERFORMA','Cibaduyut','085 727 654 567','performa','userwayngraph','2d52200a205f77b8c4631b41e5d6f0e5','-','Aktif'),(49,7,'BILL P','JL. Kopo','081 575 161 042','billp','userwayngraph','2d52200a205f77b8c4631b41e5d6f0e5','-','Aktif'),(50,29,'CANDRA','Jl. Cikutra 13','082 133 528 509','candra','userwayngraph','2d52200a205f77b8c4631b41e5d6f0e5','-','Aktif'),(51,24,'FOKUS','Jn.Veteran 71','082 138 983 567','fokus','userwayngraph','2d52200a205f77b8c4631b41e5d6f0e5','-','Aktif'),(52,24,'OPIK','Jl. Babakan Ciamis','081 228 434 52','opik','userwayngraph','2d52200a205f77b8c4631b41e5d6f0e5','-','Aktif'),(53,23,'NOVIA','Jl. Jakarta ','081 741 574 96','novia','userwayngraph','2d52200a205f77b8c4631b41e5d6f0e5','-','Aktif'),(54,27,'PAK TAUFIK','Jl. Cihapit','085 228 740 828','paktaufik','userwayngraph','2d52200a205f77b8c4631b41e5d6f0e5','-','Aktif'),(55,27,'DEUIS','Jl. Citarum ','085 292 919 131','deuis','userwayngraph','2d52200a205f77b8c4631b41e5d6f0e5','-','Aktif'),(56,22,'NURUL','BSI','085 291 054 678','nurul','userwayngraph','2d52200a205f77b8c4631b41e5d6f0e5','-','Aktif'),(57,17,'VIVI','Komp Ujung Berung regency no61','081 805 845 958','vivi','userwayngraph','2d52200a205f77b8c4631b41e5d6f0e5','-','Aktif'),(58,24,'T76','Jl. Sumur Bandung','082 222 688 678','t76','userwayngraph','2d52200a205f77b8c4631b41e5d6f0e5','-','Aktif'),(59,22,'UPU','Jl. Cicaheum','081 278 222 678','upu','userwayngraph','2d52200a205f77b8c4631b41e5d6f0e5','-','Aktif'),(60,36,'ALFABETA','Pondok Mas Cmh','081 456 667 671','alfabeta','userwayngraph','2d52200a205f77b8c4631b41e5d6f0e5','-','Aktif'),(61,27,'CAHAYA WARNA','Jl. Sawunggaling No. 13 Bandung','089 640 999 169','cahayawarna','userwayngraph','2d52200a205f77b8c4631b41e5d6f0e5','-','Aktif'),(62,31,'ISTI MENARA','Jl. Setiabudhi','081 391 842 789','istimenara','userwayngraph','2d52200a205f77b8c4631b41e5d6f0e5','-','Aktif'),(63,9,'SMK PI','Jl. Inhoftank No.46-146, Pelindung Hewan','085 232 054 344','smkpi','userwayngraph','2d52200a205f77b8c4631b41e5d6f0e5','-','Aktif'),(64,36,'SPM',' jl. Raya Cibabat Cmh ','081 805 795 562','spm','userwayngraph','2d52200a205f77b8c4631b41e5d6f0e5','-','Aktif'),(65,10,'CREATIVE','Jl. Lengkong Besar','081 289 223 678','creative','userwayngraph','2d52200a205f77b8c4631b41e5d6f0e5','-','Aktif'),(66,24,'BAHAGIA','Jl.Sumur Bandung','081 321 551 771','bahagia','userwayngraph','2d52200a205f77b8c4631b41e5d6f0e5','-','Aktif'),(67,23,'ATO','Jln Ahmad Yani','083 325 780 940','ato','userwayngraph','2d52200a205f77b8c4631b41e5d6f0e5','-','Aktif'),(68,22,'UYUN','Jl. KiaraCondong no 54','085 690 718 392','uyun','userwayngraph','2d52200a205f77b8c4631b41e5d6f0e5','-','Aktif'),(69,30,'PAK ANTO','Jl. Sangkuriang','081 326 279 178','pakanto','userwayngraph','2d52200a205f77b8c4631b41e5d6f0e5','-','Aktif'),(70,30,'AGUS SETTING','Jln. titiran','085 225 789 398','agussetting','userwayngraph','2d52200a205f77b8c4631b41e5d6f0e5','-','Aktif'),(71,10,'MANG UPHU','Jl. Moch toha No 23','085 229 762 084','manguphu','userwayngraph','2d52200a205f77b8c4631b41e5d6f0e5','-','Aktif'),(72,36,'WILIAM','Komp Mutiara Cmh','081 326 707 819','wiliam','userwayngraph','2d52200a205f77b8c4631b41e5d6f0e5','-','Aktif'),(73,15,'PKPU','Jl.Soekarno Hatta 89','085 640 958 788','pkpu','userwayngraph','2d52200a205f77b8c4631b41e5d6f0e5','-','Aktif'),(74,30,'GLORIA','Jl. Haurpancur','081 225 342 578','gloria','userwayngraph','2d52200a205f77b8c4631b41e5d6f0e5','-','Aktif'),(75,28,'RR PRINT','Jl.Cicadas','081 225 743 68','rrprint','userwayngraph','2d52200a205f77b8c4631b41e5d6f0e5','-','Aktif'),(76,20,'BUNGA','Jl. Antapani no 56','087 833 615 041','bunga','userwayngraph','2d52200a205f77b8c4631b41e5d6f0e5','-','Aktif'),(77,35,'PAK DADAN','Cmh','085322793861?','pakdadan','userwayngraph','2d52200a205f77b8c4631b41e5d6f0e5','-','Aktif'),(78,28,'INDRA','Gg. Asep berlian','085 265 789 398','indra','userwayngraph','2d52200a205f77b8c4631b41e5d6f0e5','-','Aktif'),(79,25,'PAK FREDY','Jl. Kebon Jati','085 229 762 084','pakfredy','userwayngraph','2d52200a205f77b8c4631b41e5d6f0e5','-','Aktif'),(80,23,'ATTO','Jl. Jakarta no 34','089 626 707 389','atto','userwayngraph','2d52200a205f77b8c4631b41e5d6f0e5','-','Aktif'),(81,17,'PAK NANANG PWK','Jl. Ujung Berung ','082 225 342 539','paknanangpwk','userwayngraph','2d52200a205f77b8c4631b41e5d6f0e5','-','Aktif'),(82,28,'PAK HUSEN','Jl. Bekamin 50','021-6798367','pakhusen','userwayngraph','2d52200a205f77b8c4631b41e5d6f0e5','-','Aktif'),(83,28,'PAK EDI','Jl. Bekamin','085 221 762 056','pakedi','userwayngraph','2d52200a205f77b8c4631b41e5d6f0e5','-','Aktif'),(84,17,'PAK Rahman','Jl.Pasir Jati','083 345 333 819','pakrahman','userwayngraph','2d52200a205f77b8c4631b41e5d6f0e5','-','Aktif'),(85,27,'GEISHA','Jl. Martadinata ','085 640 788 788','geisha','userwayngraph','2d52200a205f77b8c4631b41e5d6f0e5','-','Aktif'),(86,27,'AMANDA','Jl. Cihapit','081 225 342 689','amanda','userwayngraph','2d52200a205f77b8c4631b41e5d6f0e5','-','Aktif'),(87,28,'GENGEN','Jl. Bekamin 6','081 780 342 689','gengen','userwayngraph','2d52200a205f77b8c4631b41e5d6f0e5','-','Aktif'),(88,24,' DIKI SETTING ',' Jl.Sumatera ','081 222 342 689','dikisetting','userwayngraph','2d52200a205f77b8c4631b41e5d6f0e5','-','Aktif'),(89,10,' FIKRI ','Jl. Pungkur','081 833 615 041','fikri','userwayngraph','2d52200a205f77b8c4631b41e5d6f0e5','-','Aktif'),(90,11,' CAKRAWALA ',' SMP 13 bandung ','+6285322222685?','cakrawala','userwayngraph','2d52200a205f77b8c4631b41e5d6f0e5','-','Aktif'),(91,27,' HARIS WG ','Jl. rancaloa','082223720347?','hariswg','userwayngraph','2d52200a205f77b8c4631b41e5d6f0e5','-','Aktif'),(92,10,' PAK HERMAN BCK ',' Jalan Pungkur ','082113720777?','pakhermanbck','userwayngraph','2d52200a205f77b8c4631b41e5d6f0e5','-','Aktif'),(93,24,' BU HETI ',' Babakan Ciamis ','089 632 444 507','buheti','userwayngraph','2d52200a205f77b8c4631b41e5d6f0e5','-','Aktif'),(94,14,' TOMTOM ',' Jl. Jakarta no 98 ','0853-97243555???','tomtom','userwayngraph','2d52200a205f77b8c4631b41e5d6f0e5','-','Aktif'),(95,21,' PAK HARIS WG ','Jl. Raya Cikadut','085 776 422 447','pakhariswg','userwayngraph','2d52200a205f77b8c4631b41e5d6f0e5','-','Aktif'),(96,27,' ATTO ART ','Jl.Sukajadi','081219550857??','attoart','userwayngraph','2d52200a205f77b8c4631b41e5d6f0e5','-','Aktif'),(97,11,' GRAFIMEDIA/GIMAN ','Jl. Pelajar Pejuang','085 213 931 566','grafimedia/giman','userwayngraph','2d52200a205f77b8c4631b41e5d6f0e5','-','Aktif'),(98,27,' SIC ',' Jl. Burangrang ','82190733697','sic','userwayngraph','2d52200a205f77b8c4631b41e5d6f0e5','-','Aktif'),(99,10,' DIKI ',' Jalan Lengkong Besar ','081 221 781 058','diki','userwayngraph','2d52200a205f77b8c4631b41e5d6f0e5','-','Aktif'),(100,17,' SATRIA ','Jl. Ciringsing Cijambe','081 222 831 452','satria','userwayngraph','2d52200a205f77b8c4631b41e5d6f0e5','-','Aktif'),(101,10,' FIKRI ','Jl Ciseureuh','081 578 781 058','fikri','userwayngraph','2d52200a205f77b8c4631b41e5d6f0e5','-','Aktif'),(102,27,' AGUS SONO ',' Jl. Jeruk Cihapit ','085 865 754 433','agussono','userwayngraph','2d52200a205f77b8c4631b41e5d6f0e5','-','Aktif'),(103,8,' BILL PROD ',' JL.Cibaduyut ','085 727 654 567','billprod','userwayngraph','2d52200a205f77b8c4631b41e5d6f0e5','-','Aktif'),(104,31,' ATTO ART ','Jl.Sukajadi','081 575 161 042','attoart','userwayngraph','2d52200a205f77b8c4631b41e5d6f0e5','-','Aktif'),(105,22,' SESKOAD ZAENAL ','Gg. H. Pagih 2','082 133 578 509','seskoadzaenal','userwayngraph','2d52200a205f77b8c4631b41e5d6f0e5','-','Aktif'),(106,27,' AGUS  ',' Jl. Jeruk  ','082 138 983 567','agus','userwayngraph','2d52200a205f77b8c4631b41e5d6f0e5','-','Aktif'),(107,35,' PAK ADE ','Jl. Sangkuriang Cmh','081 221 434 52','pakade','userwayngraph','2d52200a205f77b8c4631b41e5d6f0e5','-','Aktif'),(108,24,' ADI FIRMANSYAH ',' Jl. Sunda ','081 741 574 96','adifirmansyah','userwayngraph','2d52200a205f77b8c4631b41e5d6f0e5','-','Aktif'),(109,24,' BU TITIN ',' Jalan Veteran ','085 228 740 677','butitin','userwayngraph','2d52200a205f77b8c4631b41e5d6f0e5','-','Aktif'),(110,8,' AAM ANGSANA ',' Jalan Mekar Puspitasari ','085 232 919 321','aamangsana','userwayngraph','2d52200a205f77b8c4631b41e5d6f0e5','-','Aktif'),(111,22,' IFAN ','Jalan Babakan Sari','082 222 657 678','ifan','userwayngraph','2d52200a205f77b8c4631b41e5d6f0e5','-','Aktif'),(112,36,' BU NENENG ',' Jl.Sangkuring no 20 ','081 675 222 678','buneneng','userwayngraph','2d52200a205f77b8c4631b41e5d6f0e5','-','Aktif'),(113,11,' DARJAT ',' Jl.Pungkur ','081 456 777 671','darjat','userwayngraph','2d52200a205f77b8c4631b41e5d6f0e5','-','Aktif'),(114,23,' BU WIWIN ',' Jl.Ahmad Yani ','089 640 999 169','buwiwin','userwayngraph','2d52200a205f77b8c4631b41e5d6f0e5','-','Aktif'),(115,31,' ATTOART ','Jl.Sukajadi','081 391 842 789','attoart','userwayngraph','2d52200a205f77b8c4631b41e5d6f0e5','-','Aktif'),(116,34,' RIALDI ','Jl. Cangkuang ','085 232 054 344','rialdi','userwayngraph','2d52200a205f77b8c4631b41e5d6f0e5','-','Aktif'),(117,5,' DINA ',' Cigondewah ','081 805 795 562','dina','userwayngraph','2d52200a205f77b8c4631b41e5d6f0e5','-','Aktif'),(118,24,' HAIDAR ','Jl. Merdeka ','081 289 223 678','haidar','userwayngraph','2d52200a205f77b8c4631b41e5d6f0e5','-','Aktif'),(119,15,' PROPAM POLDA JABAR ','Jl. Bhayangkara A?asrama polda jabar?blok D4 ','081 321 551 771','propampoldajabar','userwayngraph','2d52200a205f77b8c4631b41e5d6f0e5','-','Aktif'),(120,10,' ERWAN ','Moh. Toha','083 325 780 940','erwan','userwayngraph','2d52200a205f77b8c4631b41e5d6f0e5','-','Aktif'),(121,35,' PAK WILIAM ',' Komp Pondok Hijau Cmh ','085 690 718 392','pakwiliam','userwayngraph','2d52200a205f77b8c4631b41e5d6f0e5','-','Aktif'),(122,35,'PAK ASEP','Jl.Cidahu Cmh','081 326 279 178','pakasep','userwayngraph','2d52200a205f77b8c4631b41e5d6f0e5','-','Aktif'),(123,23,'BCA BATUNUNGGAL','BatuNunggal','085 225 789 398','bcabatununggal','userwayngraph','2d52200a205f77b8c4631b41e5d6f0e5','-','Aktif'),(124,10,'AMANG GHUROBA','Moch. Toha 98','085 229 762 084','amangghuroba','userwayngraph','2d52200a205f77b8c4631b41e5d6f0e5','-','Aktif'),(125,27,'GESIHA','Jl. Martadinata ','081 326 707 819','gesiha','userwayngraph','2d52200a205f77b8c4631b41e5d6f0e5','-','Aktif'),(126,8,'K2R','Jl. Indrayasa','085 640 958 788','k2r','userwayngraph','2d52200a205f77b8c4631b41e5d6f0e5','-','Aktif'),(127,8,'A GUNGUN','Perum Singgasana Pradana Cibaduyut','081 225 342 578','agungun','userwayngraph','2d52200a205f77b8c4631b41e5d6f0e5','-','Aktif'),(128,24,'ADI FIRMANSYAH',' Jl. Sunda ','081 225 743 68','adifirmansyah','userwayngraph','2d52200a205f77b8c4631b41e5d6f0e5','-','Aktif'),(129,21,'PAK HARIS WG','Jl. Raya Cikadut','087 833 615 041','pakhariswg','userwayngraph','2d52200a205f77b8c4631b41e5d6f0e5','-','Aktif'),(130,30,'PAK PRIATNA ','Jln. titiran','085322793861?','pakpriatna','userwayngraph','2d52200a205f77b8c4631b41e5d6f0e5','-','Aktif'),(131,10,'SINAR ABADI','lengkong','085 265 789 398','sinarabadi','userwayngraph','2d52200a205f77b8c4631b41e5d6f0e5','-','Aktif'),(132,35,'PAK HERMAN BCK','Jl. Cimindi','085 229 762 084','pakhermanbck','userwayngraph','2d52200a205f77b8c4631b41e5d6f0e5','-','Aktif'),(133,7,'SEM WG','Jl. Pilar kencana','089 626 707 389','semwg','userwayngraph','2d52200a205f77b8c4631b41e5d6f0e5','-','Aktif'),(134,23,'SAHRUL','STTTekstil','082 225 342 539','sahrul','userwayngraph','2d52200a205f77b8c4631b41e5d6f0e5','-','Aktif'),(135,8,'SUBUR','Jl. Cibaduyut Lama','021-6798367','subur','userwayngraph','2d52200a205f77b8c4631b41e5d6f0e5','-','Aktif'),(136,28,'PAK FREDI ','Jl. sukasenang','085 221 762 056','pakfredi','userwayngraph','2d52200a205f77b8c4631b41e5d6f0e5','-','Aktif'),(137,15,'BPMPD','Jl. Soekarno Hatta No. 466','083 345 333 819','bpmpd','userwayngraph','2d52200a205f77b8c4631b41e5d6f0e5','-','Aktif'),(138,31,'ATTOART DESIGN','Jl.Sukajadi','085 640 788 788','attoartdesign','userwayngraph','2d52200a205f77b8c4631b41e5d6f0e5','-','Aktif'),(139,29,'INSAN MANDIRI','Jl. PH. H. Mustofa','081 225 342 689','insanmandiri','userwayngraph','2d52200a205f77b8c4631b41e5d6f0e5','-','Aktif'),(140,31,'LULU','Jl. Puragabaya','081 780 342 689','lulu','userwayngraph','2d52200a205f77b8c4631b41e5d6f0e5','-','Aktif'),(141,36,'BLI PAS','Jl Pacinan Cmh','081 222 342 689','blipas','userwayngraph','2d52200a205f77b8c4631b41e5d6f0e5','-','Aktif'),(142,35,'PAK NYOMAN','Jl. Terusan Cmh','085 291 054 444','paknyoman','userwayngraph','2d52200a205f77b8c4631b41e5d6f0e5','-','Aktif'),(143,34,'TATANG','Jl. Melong Cmh','081 805 845 958','tatang','userwayngraph','2d52200a205f77b8c4631b41e5d6f0e5','-','Aktif'),(144,34,'LUTHFI SETIADI',' Brigif Cmh ','081 345 688 678','luthfisetiadi','userwayngraph','2d52200a205f77b8c4631b41e5d6f0e5','-','Aktif'),(145,6,'ALMIRA PRINT','Jln Dian Sakti','081 245 688 678','almiraprint','userwayngraph','2d52200a205f77b8c4631b41e5d6f0e5','-','Aktif'),(146,22,'DARMAYUKTI','Cicaheum','081 326 666 671','darmayukti','userwayngraph','2d52200a205f77b8c4631b41e5d6f0e5','-','Aktif'),(147,35,'DESI','Depsos Cimahi','085 640 076 169','desi','userwayngraph','2d52200a205f77b8c4631b41e5d6f0e5','-','Aktif'),(148,7,'PAK GOZALI','Jl. Kopo Cirangrang','081 391 842 844','pakgozali','userwayngraph','2d52200a205f77b8c4631b41e5d6f0e5','-','Aktif'),(149,29,'PAK TEJA','Jl. Cikutra No 10','085 291 054 444','pakteja','userwayngraph','2d52200a205f77b8c4631b41e5d6f0e5','-','Aktif'),(150,17,'Bu Ike','Jl.Pasir Jati','081 805 845 958','buike','userwayngraph','2d52200a205f77b8c4631b41e5d6f0e5','-','Aktif'),(151,22,'DARMAYUKTI','Cicaheum','081 325 628 678','darmayukti','userwayngraph','2d52200a205f77b8c4631b41e5d6f0e5','-','Aktif'),(152,28,'REZITA','Jl. Sukarajin 2','081 325 551 775','rezita','userwayngraph','2d52200a205f77b8c4631b41e5d6f0e5','-','Aktif'),(153,28,'ADE','Cikutra Bandung','081 325 330 940','ade','userwayngraph','2d52200a205f77b8c4631b41e5d6f0e5','-','Aktif'),(154,27,'NUR AZIZAH','Jl. Wastukencana','081 390 718 392','nurazizah','userwayngraph','2d52200a205f77b8c4631b41e5d6f0e5','-','Aktif'),(155,27,'SUKARDI','Jl. Wastukencana','081 326 279 171','sukardi','userwayngraph','2d52200a205f77b8c4631b41e5d6f0e5','-','Aktif'),(156,27,'SUYADI','Jl. Wastukencana','085 225 789 398','suyadi','userwayngraph','2d52200a205f77b8c4631b41e5d6f0e5','-','Aktif'),(157,35,'YANES','jl. Raya Cibabat Cmh','085 229 762 084','yanes','userwayngraph','2d52200a205f77b8c4631b41e5d6f0e5','-','Aktif'),(158,25,'LUGAS','Jl. Kebon Jati','081 326 707 819','lugas','userwayngraph','2d52200a205f77b8c4631b41e5d6f0e5','-','Aktif'),(159,29,'ISTANA','Jl surapati 22','085 640 958 788','istana','userwayngraph','2d52200a205f77b8c4631b41e5d6f0e5','-','Aktif'),(160,25,'PAK BANDI','Jl. Kebon Jati','081 225 342 539','pakbandi','userwayngraph','2d52200a205f77b8c4631b41e5d6f0e5','-','Aktif'),(161,22,'DARMAYUKTI','Cicaheum','081 225 743 68','darmayukti','userwayngraph','2d52200a205f77b8c4631b41e5d6f0e5','-','Aktif'),(162,10,'DIKI',' Jalan Lengkong Kecil 101 ','087 833 615 041','diki','userwayngraph','2d52200a205f77b8c4631b41e5d6f0e5','-','Aktif'),(163,17,'PAK SUGENG','Jl.Pasir Jati','085327333861?','paksugeng','userwayngraph','2d52200a205f77b8c4631b41e5d6f0e5','-','Aktif'),(164,22,'PAK UYO','Cicaheum','085 265 789 398','pakuyo','userwayngraph','2d52200a205f77b8c4631b41e5d6f0e5','-','Aktif'),(165,28,'FIRMAN','Jl. Sukasenang','085 229 762 084','firman','userwayngraph','2d52200a205f77b8c4631b41e5d6f0e5','-','Aktif'),(166,35,'TEGUH','Jl.Amir Mahmud Cmh','089 626 707 819','teguh','userwayngraph','2d52200a205f77b8c4631b41e5d6f0e5','-','Aktif'),(167,23,'SALAM','STTTekstil','082 225 342 539','salam','userwayngraph','2d52200a205f77b8c4631b41e5d6f0e5','-','Aktif'),(168,9,'PAK ENDANG','Jl. Astana Anyar','021-6888367','pakendang','userwayngraph','2d52200a205f77b8c4631b41e5d6f0e5','-','Aktif'),(169,27,'LUTHFI SETIADIWIBAWA',' Jl. Wastukencana 9 ','085 229 762 056','luthfisetiadiwibawa','userwayngraph','2d52200a205f77b8c4631b41e5d6f0e5','-','Aktif'),(170,24,'BU ATIKAH ','Jl.Sunda ','083 345 787 819','buatikah','userwayngraph','2d52200a205f77b8c4631b41e5d6f0e5','-','Aktif'),(171,8,'TEGUH','Jalan Darma Jati','085 640 788 788','teguh','userwayngraph','2d52200a205f77b8c4631b41e5d6f0e5','-','Aktif'),(172,36,'PAK HARSONO','Jl. Citeureup Cmh','081 225 342 689','pakharsono','userwayngraph','2d52200a205f77b8c4631b41e5d6f0e5','-','Aktif'),(173,24,'YANTI','Jl. Cilaki 35','089 640 999 169','yanti','userwayngraph','2d52200a205f77b8c4631b41e5d6f0e5','-','Aktif'),(174,17,'Yanti Oni','Jl.Pasir Jati','081 391 842 789','yantioni','userwayngraph','2d52200a205f77b8c4631b41e5d6f0e5','-','Aktif'),(175,8,'Rizka','Jalan Prambanan','085 232 054 344','rizka','userwayngraph','2d52200a205f77b8c4631b41e5d6f0e5','-','Aktif'),(176,27,'wiwi','Jl. Wastukencana','081 805 795 562','wiwi','userwayngraph','2d52200a205f77b8c4631b41e5d6f0e5','-','Aktif'),(177,27,'bapak h roji','Jl. Wastukencana','081 289 223 678','bapakhroji','userwayngraph','2d52200a205f77b8c4631b41e5d6f0e5','-','Aktif'),(178,15,'RADI','Jl. Bhayangkara A?asrama polda jabar?blok D4 ','081 321 551 771','radi','userwayngraph','2d52200a205f77b8c4631b41e5d6f0e5','-','Aktif'),(179,27,'H.M SARDJONO','Jl. Wastukencana 78','083 325 780 940','h.msardjono','userwayngraph','2d52200a205f77b8c4631b41e5d6f0e5','-','Aktif'),(180,22,'BENPUSHUB','Jl.Psm 50 KiaraCondong','085 690 718 392','benpushub','userwayngraph','2d52200a205f77b8c4631b41e5d6f0e5','-','Aktif'),(181,22,'AGUS','Jl. Antapani ','081 326 279 178','agus','userwayngraph','2d52200a205f77b8c4631b41e5d6f0e5','-','Aktif'),(182,28,'HENDRIK','Jl. Sukarajin 1','085 225 789 398','hendrik','userwayngraph','2d52200a205f77b8c4631b41e5d6f0e5','-','Aktif'),(183,27,'h ateng','Jl. Wastukencana','085 229 762 084','hateng','userwayngraph','2d52200a205f77b8c4631b41e5d6f0e5','-','Aktif'),(184,27,'iis','Jl. Wastukencana','081 326 707 819','iis','userwayngraph','2d52200a205f77b8c4631b41e5d6f0e5','-','Aktif'),(185,20,'Supratman','Jalan Antapani Lama','085 640 958 788','supratman','userwayngraph','2d52200a205f77b8c4631b41e5d6f0e5','-','Aktif'),(186,9,'Kecamatan','Jalan Bojongloa no 69','081 225 342 578','kecamatan','userwayngraph','2d52200a205f77b8c4631b41e5d6f0e5','-','Aktif'),(187,9,'rahmadi','Jalan Karanganyar','081 225 743 68','rahmadi','userwayngraph','2d52200a205f77b8c4631b41e5d6f0e5','-','Aktif'),(188,9,'Enco','Karasak','087 833 615 041','enco','userwayngraph','2d52200a205f77b8c4631b41e5d6f0e5','-','Aktif'),(189,9,'Mulyana','Nyengseret 3','085322793861?','mulyana','userwayngraph','2d52200a205f77b8c4631b41e5d6f0e5','-','Aktif'),(190,9,'Ibu Ida','Jalan Cibadak','085 265 789 398','ibuida','userwayngraph','2d52200a205f77b8c4631b41e5d6f0e5','-','Aktif'),(191,27,'wahyuni','Jl. Wastukencana','085 229 762 084','wahyuni','userwayngraph','2d52200a205f77b8c4631b41e5d6f0e5','-','Aktif'),(192,27,'abdurrachman','Jl. Wastukencana','089 626 707 389','abdurrachman','userwayngraph','2d52200a205f77b8c4631b41e5d6f0e5','-','Aktif'),(193,27,'lisa','Jl. Wastukencana','082 225 342 539','lisa','userwayngraph','2d52200a205f77b8c4631b41e5d6f0e5','-','Aktif'),(194,8,'reza','Jalan Darma Jati  98','021-6798367','reza','userwayngraph','2d52200a205f77b8c4631b41e5d6f0e5','-','Aktif'),(195,27,'MOH ZAMIL','Jl. Wastukencana','085 221 762 056','mohzamil','userwayngraph','2d52200a205f77b8c4631b41e5d6f0e5','-','Aktif'),(196,27,'ASCO','Jl. Wastukencana 75','083 345 333 819','asco','userwayngraph','2d52200a205f77b8c4631b41e5d6f0e5','-','Aktif'),(197,27,'Ibu iim','Gg Nangkasukani','085 640 788 788','ibuiim','userwayngraph','2d52200a205f77b8c4631b41e5d6f0e5','-','Aktif'),(198,13,'FAUZI','Jl. Marga Asri Ciwastra','081 225 342 689','fauzi','userwayngraph','2d52200a205f77b8c4631b41e5d6f0e5','-','Aktif'),(199,8,'HUSNI','Jalan Raden Rangga Kencana','081 780 342 689','husni','userwayngraph','2d52200a205f77b8c4631b41e5d6f0e5','-','Aktif'),(200,27,'BARAYA','Jl.Supratman','081 222 342 689','baraya','userwayngraph','2d52200a205f77b8c4631b41e5d6f0e5','-','Aktif'),(201,29,'HAMPURA','Jl. Cikutra barat','085 291 054 444','hampura','userwayngraph','2d52200a205f77b8c4631b41e5d6f0e5','-','Aktif'),(202,35,'AGUN','Leuwigoong Smp 6 Cmh','081 805 845 958','agun','userwayngraph','2d52200a205f77b8c4631b41e5d6f0e5','-','Aktif'),(203,8,'BOSENG','Jalan Mekar Utama','085 727 654 567','boseng','userwayngraph','2d52200a205f77b8c4631b41e5d6f0e5','-','Aktif'),(204,35,'PAK KETUT','Jl. Pacinan Cmh','081 575 161 042','pakketut','userwayngraph','2d52200a205f77b8c4631b41e5d6f0e5','-','Aktif'),(205,27,'MARTA','Jl Ahmad Yani 34','082 133 528 509','marta','userwayngraph','2d52200a205f77b8c4631b41e5d6f0e5','-','Aktif'),(206,36,'RIAN','Jl Cibabat Cmh','082 138 983 567','rian','userwayngraph','2d52200a205f77b8c4631b41e5d6f0e5','-','Aktif'),(207,10,'PAK HARSONO','Jl. Lengkong Kecil','081 228 434 52','pakharsono','userwayngraph','2d52200a205f77b8c4631b41e5d6f0e5','-','Aktif'),(208,17,'DEDI','Ujung Berung','081 741 574 96','dedi','userwayngraph','2d52200a205f77b8c4631b41e5d6f0e5','-','Aktif'),(209,9,'PAK DIKI','Jl. Astana Anyar','085 228 740 828','pakdiki','userwayngraph','2d52200a205f77b8c4631b41e5d6f0e5','-','Aktif'),(210,13,'Miftah','Jl. Marga Asri Ciwastra 56','085 292 919 131','miftah','userwayngraph','2d52200a205f77b8c4631b41e5d6f0e5','-','Aktif'),(211,23,'SAIFUL ','STTTekstil','085 291 054 678','saiful','userwayngraph','2d52200a205f77b8c4631b41e5d6f0e5','-','Aktif'),(212,28,'JACKY','Gg. Sukabersih ','081 805 845 958','jacky','userwayngraph','2d52200a205f77b8c4631b41e5d6f0e5','-','Aktif'),(213,24,'PAK IMAM DJARUM','Veteran 34','082 222 688 678','pakimamdjarum','userwayngraph','2d52200a205f77b8c4631b41e5d6f0e5','-','Aktif'),(214,27,'NUR SAID','Jl. Wastukencana','081 278 222 678','nursaid','userwayngraph','2d52200a205f77b8c4631b41e5d6f0e5','-','Aktif'),(215,27,'SUGIARTO','Jl. Wastukencana','081 456 667 671','sugiarto','userwayngraph','2d52200a205f77b8c4631b41e5d6f0e5','-','Aktif'),(216,27,'AHMADUN','Jl. Wastukencana 89','089 640 999 169','ahmadun','userwayngraph','2d52200a205f77b8c4631b41e5d6f0e5','-','Aktif'),(217,27,'SUSILO','Jl. Wastukencana','081 391 842 789','susilo','userwayngraph','2d52200a205f77b8c4631b41e5d6f0e5','-','Aktif'),(218,23,'PAK HASAN UBER','Jl. Jakarta 65','085 232 054 344','pakhasanuber','userwayngraph','2d52200a205f77b8c4631b41e5d6f0e5','-','Aktif'),(219,36,'A AEROVN','Jl. Cihanjuang 204','081 805 795 562','aaerovn','userwayngraph','2d52200a205f77b8c4631b41e5d6f0e5','-','Aktif'),(220,28,'PAK UUS ','Cicadas','081 289 223 678','pakuus','userwayngraph','2d52200a205f77b8c4631b41e5d6f0e5','-','Aktif'),(221,28,'Riyadi','Jl. Cikutra 9','081 321 551 771','riyadi','userwayngraph','2d52200a205f77b8c4631b41e5d6f0e5','-','Aktif'),(222,36,'PAK ADE','Jl. Pasar Atas Cmh','083 325 780 940','pakade','userwayngraph','2d52200a205f77b8c4631b41e5d6f0e5','-','Aktif'),(223,13,'LEE PKPU','Telkom','085 690 718 392','leepkpu','userwayngraph','2d52200a205f77b8c4631b41e5d6f0e5','-','Aktif'),(224,35,'PAS','Cimahi','081 326 279 178','pas','userwayngraph','2d52200a205f77b8c4631b41e5d6f0e5','-','Aktif'),(225,28,'Siswanto','Jl. Sukarajin 2','085 225 789 398','siswanto','userwayngraph','2d52200a205f77b8c4631b41e5d6f0e5','-','Aktif'),(226,27,'AS\'AD MUSTOFA','Jl. Wastukencana 78','085 229 762 084','as\'admustofa','userwayngraph','2d52200a205f77b8c4631b41e5d6f0e5','-','Aktif'),(227,27,'Indonesian School of Design','alan Wastukencana no 52, Jawa Barat 40116','081 326 707 819','indonesianschoolofdesign','userwayngraph','2d52200a205f77b8c4631b41e5d6f0e5','-','Aktif'),(228,35,'OYIB','Cibabat Cimahi','085 640 958 788','oyib','userwayngraph','2d52200a205f77b8c4631b41e5d6f0e5','-','Aktif'),(229,22,'H EMAN ','Gg. H. Pagih 2','081 225 342 578','heman','userwayngraph','2d52200a205f77b8c4631b41e5d6f0e5','-','Aktif'),(230,22,'KEN','Gg. H. Pagih ','081 225 743 68','ken','userwayngraph','2d52200a205f77b8c4631b41e5d6f0e5','-','Aktif'),(231,8,'REINNISA MELATI','Jalan Lingga Dewata','087 833 615 041','reinnisamelati','userwayngraph','2d52200a205f77b8c4631b41e5d6f0e5','-','Aktif'),(232,23,'Rahmadi','STTTekstil','085322793861?','rahmadi','userwayngraph','2d52200a205f77b8c4631b41e5d6f0e5','-','Aktif'),(233,34,'AGUS ASBER','Pojok Cmh','085 265 789 398','agusasber','userwayngraph','2d52200a205f77b8c4631b41e5d6f0e5','-','Aktif'),(234,30,'PAK BAMBANG','Jl. Bangbayang ','085 229 762 084','pakbambang','userwayngraph','2d52200a205f77b8c4631b41e5d6f0e5','-','Aktif'),(235,8,'RENDI','Jalan Mekar Makmur II','089 626 707 389','rendi','userwayngraph','2d52200a205f77b8c4631b41e5d6f0e5','-','Aktif'),(236,35,'DESI','Depsos Cimahi','082 225 342 539','desi','userwayngraph','2d52200a205f77b8c4631b41e5d6f0e5','-','Aktif'),(237,35,'DIRO','Jln Cimindi','021-6798367','diro','userwayngraph','2d52200a205f77b8c4631b41e5d6f0e5','-','Aktif'),(238,7,'Wina','Jl Raya Kopo','085 221 762 056','wina','userwayngraph','2d52200a205f77b8c4631b41e5d6f0e5','-','Aktif'),(239,23,'Risma','BatuNunggal Jelita II','083 345 333 819','risma','userwayngraph','2d52200a205f77b8c4631b41e5d6f0e5','-','Aktif'),(240,23,'Faizal','BatuNunggal','085 640 788 788','faizal','userwayngraph','2d52200a205f77b8c4631b41e5d6f0e5','-','Aktif'),(241,27,'RIYANTO','Jl. Wastukencana 75','081 225 342 689','riyanto','userwayngraph','2d52200a205f77b8c4631b41e5d6f0e5','-','Aktif'),(242,9,'Sulistiawati','Jl. Astana Anyar','081 780 342 689','sulistiawati','userwayngraph','2d52200a205f77b8c4631b41e5d6f0e5','-','Aktif'),(243,7,'Ibu Lia','Bumi Kopo Kencana','081 222 342 689','ibulia','userwayngraph','2d52200a205f77b8c4631b41e5d6f0e5','-','Aktif'),(244,27,' endah ','Jl. Wastukencana','081 833 615 041','endah','userwayngraph','2d52200a205f77b8c4631b41e5d6f0e5','-','Aktif'),(245,27,' sugimin ','Jl. Wastukencana','+6285322222685?','sugimin','userwayngraph','2d52200a205f77b8c4631b41e5d6f0e5','-','Aktif'),(246,27,' tia ','Jl. Wastukencana','082223720347?','tia','userwayngraph','2d52200a205f77b8c4631b41e5d6f0e5','-','Aktif'),(247,27,' wiwin ','Jl. Wastukencana','082113720777?','wiwin','userwayngraph','2d52200a205f77b8c4631b41e5d6f0e5','-','Aktif'),(248,27,'RJ SETTING2','Jl. Wastukencana 48 a','089 632 444 507','rjsetting2','userwayngraph','2d52200a205f77b8c4631b41e5d6f0e5','-','Aktif'),(249,17,'Maman','Jl.Pasir Jati','0853-97243555???','maman','userwayngraph','2d52200a205f77b8c4631b41e5d6f0e5','-','Aktif'),(250,35,'AMIN CIC','Kodim Cimahi','085 776 422 447','amincic','userwayngraph','2d52200a205f77b8c4631b41e5d6f0e5','-','Aktif'),(251,8,'h iim',' JL.Cibaduyut 78 ','081219550857??','hiim','userwayngraph','2d52200a205f77b8c4631b41e5d6f0e5','-','Aktif'),(252,8,'bapak made',' JL.Cibaduyut ','085 213 931 566','bapakmade','userwayngraph','2d52200a205f77b8c4631b41e5d6f0e5','-','Aktif'),(253,27,'nurzaman','Jl. Wastukencana','82190733697','nurzaman','userwayngraph','2d52200a205f77b8c4631b41e5d6f0e5','-','Aktif'),(254,27,'fatihah','Jl. Wastukencana','081 221 781 058','fatihah','userwayngraph','2d52200a205f77b8c4631b41e5d6f0e5','-','Aktif'),(255,8,'marsya','Jalan Lingga Dewata','081 222 831 452','marsya','userwayngraph','2d52200a205f77b8c4631b41e5d6f0e5','-','Aktif'),(256,7,'Wahana Logistik','kopo','081 578 781 058','wahanalogistik','userwayngraph','2d52200a205f77b8c4631b41e5d6f0e5','-','Aktif'),(257,23,'Lilis','BatuNunggal Indah Raya','085 865 754 433','lilis','userwayngraph','2d52200a205f77b8c4631b41e5d6f0e5','-','Aktif'),(258,23,'Siska','BatuNunggal','085 727 654 567','siska','userwayngraph','2d52200a205f77b8c4631b41e5d6f0e5','-','Aktif'),(259,27,'Gereja Baptis',' Jl. Wastukencana 40 ','081 575 161 042','gerejabaptis','userwayngraph','2d52200a205f77b8c4631b41e5d6f0e5','-','Aktif'),(260,23,'Faizal','BatuNunggal','082 133 578 509','faizal','userwayngraph','2d52200a205f77b8c4631b41e5d6f0e5','-','Aktif'),(261,27,'RIYANTO','Jl. Wastukencana 75','082 138 983 567','riyanto','userwayngraph','2d52200a205f77b8c4631b41e5d6f0e5','-','Aktif'),(262,27,' ATTO ART ','Jl. Wastukencana','085 640 076 169','attoart','userwayngraph','2d52200a205f77b8c4631b41e5d6f0e5','-','Aktif'),(263,27,' SESKOAD ZAENAL ','Jl. Wastukencana','081 391 842 844','seskoadzaenal','userwayngraph','2d52200a205f77b8c4631b41e5d6f0e5','-','Aktif'),(264,27,' AGUS  ','Jl. Wastukencana','085 291 054 456','agus','userwayngraph','2d52200a205f77b8c4631b41e5d6f0e5','-','Aktif'),(265,27,' PAK ADE ','Jl. Wastukencana','081 805 845 978','pakade','userwayngraph','2d52200a205f77b8c4631b41e5d6f0e5','-','Aktif'),(266,28,'Zahra ','Jl. Cikutra 45','081 325 628 678','zahra','userwayngraph','2d52200a205f77b8c4631b41e5d6f0e5','-','Aktif'),(267,23,'KOTEX','Jl. Ahmad Yani 289','081 325 551 775','kotex','userwayngraph','2d52200a205f77b8c4631b41e5d6f0e5','-','Aktif'),(268,9,'Lilis','Jalan Karanganyar','081 325 330 940','lilis','userwayngraph','2d52200a205f77b8c4631b41e5d6f0e5','-','Aktif'),(269,9,'Pak Made','Jl. Astana Anyar','081 390 718 392','pakmade','userwayngraph','2d52200a205f77b8c4631b41e5d6f0e5','-','Aktif'),(270,27,'SETIYADI','Jl. Wastukencana 56','081 326 279 171','setiyadi','userwayngraph','2d52200a205f77b8c4631b41e5d6f0e5','-','Aktif'),(271,27,'MUDLOAF','Jl. Wastukencana 57','085 225 789 398','mudloaf','userwayngraph','2d52200a205f77b8c4631b41e5d6f0e5','-','Aktif'),(272,27,'LESTARI PUJI ASTUTI','Jl. Wastukencana 4','085 229 762 084','lestaripujiastuti','userwayngraph','2d52200a205f77b8c4631b41e5d6f0e5','-','Aktif'),(273,36,'Yanti amalia','Jl. Citeureup Cmh','081 326 707 819','yantiamalia','userwayngraph','2d52200a205f77b8c4631b41e5d6f0e5','-','Aktif'),(274,17,'PAK Sugiono','Jl.Pasir Jati','085 640 958 788','paksugiono','userwayngraph','2d52200a205f77b8c4631b41e5d6f0e5','-','Aktif'),(275,8,'PAK SULE','Jalan Kutamaya','081 225 342 539','paksule','userwayngraph','2d52200a205f77b8c4631b41e5d6f0e5','-','Aktif'),(276,9,'PAK ENDANG Rahmat','Jl. Astana Anyar','081 225 743 68','pakendangrahmat','userwayngraph','2d52200a205f77b8c4631b41e5d6f0e5','-','Aktif'),(277,24,'RUSLI','Jl. Martadinata ','087 833 615 041','rusli','userwayngraph','2d52200a205f77b8c4631b41e5d6f0e5','-','Aktif'),(278,35,'PAK MAHMUD COLENAK','Jl. Siliwangi Cmh','085327333861?','pakmahmudcolenak','userwayngraph','2d52200a205f77b8c4631b41e5d6f0e5','-','Aktif'),(279,8,'ANISCO','Jl. Dewa Warman','085 265 789 398','anisco','userwayngraph','2d52200a205f77b8c4631b41e5d6f0e5','-','Aktif'),(280,27,'NUR RONDI','Jl. Wastukencana','085 229 762 084','nurrondi','userwayngraph','2d52200a205f77b8c4631b41e5d6f0e5','-','Aktif'),(281,27,'H.M.SULAIMAN','Jl. Wastukencana','089 626 707 819','h.m.sulaiman','userwayngraph','2d52200a205f77b8c4631b41e5d6f0e5','-','Aktif'),(282,8,'mahmudin','Jalan Prambanan','082 225 342 539','mahmudin','userwayngraph','2d52200a205f77b8c4631b41e5d6f0e5','-','Aktif'),(283,27,'AHMAD SYAFIQ','Jl. Wastukencana','021-6888367','ahmadsyafiq','userwayngraph','2d52200a205f77b8c4631b41e5d6f0e5','-','Aktif'),(284,8,'maulana','Jalan Raden Rangga Kencana','085 229 762 056','maulana','userwayngraph','2d52200a205f77b8c4631b41e5d6f0e5','-','Aktif'),(285,27,'MULYONO','Jl. Wastukencana','083 345 787 819','mulyono','userwayngraph','2d52200a205f77b8c4631b41e5d6f0e5','-','Aktif'),(286,8,'ibu ice','Jalan Mekar Utama','085 640 788 788','ibuice','userwayngraph','2d52200a205f77b8c4631b41e5d6f0e5','-','Aktif'),(287,10,'wahyu','Jl. Pungkur  3','081 225 342 689','wahyu','userwayngraph','2d52200a205f77b8c4631b41e5d6f0e5','-','Aktif'),(288,10,'mas bayu',' Jalan Pungkur ','081 780 342 689','masbayu','userwayngraph','2d52200a205f77b8c4631b41e5d6f0e5','-','Aktif'),(289,27,'LAELY ','Jl. Wastukencana','081 222 342 689','laely','userwayngraph','2d52200a205f77b8c4631b41e5d6f0e5','-','Aktif'),(290,27,'MOH MUKROMIN','Jl. Wastukencana','081 833 615 041','mohmukromin','userwayngraph','2d52200a205f77b8c4631b41e5d6f0e5','-','Aktif'),(291,21,'PAK HARIS WG','Jl. Raya Cikadut','+6285322222685?','pakhariswg','userwayngraph','2d52200a205f77b8c4631b41e5d6f0e5','-','Aktif'),(292,24,'DEREK','Jl. Banda ','082223720347?','derek','userwayngraph','2d52200a205f77b8c4631b41e5d6f0e5','-','Aktif'),(293,13,'FAUZAN','Jl. Marga Asri Ciwastra','082113720777?','fauzan','userwayngraph','2d52200a205f77b8c4631b41e5d6f0e5','-','Aktif'),(294,30,'DUNIA SOUVENIR','Jalan Badak Singa No 10','089 632 444 507','duniasouvenir','userwayngraph','2d52200a205f77b8c4631b41e5d6f0e5','-','Aktif'),(295,8,'BU TITIN','Jalan Mekar Agung','0853-97243555???','butitin','userwayngraph','2d52200a205f77b8c4631b41e5d6f0e5','-','Aktif'),(296,6,'SANDY','Jl. Rofina','085 776 422 447','sandy','userwayngraph','2d52200a205f77b8c4631b41e5d6f0e5','-','Aktif'),(297,20,'DERRI OFFSET','Jalan Antapani','081219550857??','derrioffset','userwayngraph','2d52200a205f77b8c4631b41e5d6f0e5','-','Aktif'),(298,24,'APEH','Jln.Pajajaran','085 213 931 566','apeh','userwayngraph','2d52200a205f77b8c4631b41e5d6f0e5','-','Aktif'),(299,28,'ISTANA','Jl surapati 22','082190730146?','istana','userwayngraph','2d52200a205f77b8c4631b41e5d6f0e5','-','Aktif'),(300,10,'GESHA','Moch Toha','081 221 781 058','gesha','userwayngraph','2d52200a205f77b8c4631b41e5d6f0e5','-','Aktif'),(301,24,'DIKI SETTING','Jl.Sumatera','081 222 831 452','dikisetting','userwayngraph','2d52200a205f77b8c4631b41e5d6f0e5','-','Aktif'),(302,14,'ANDRI','JL. ARIA TIMUR 1 NO.5 ','081 328 781 058','andri','userwayngraph','2d52200a205f77b8c4631b41e5d6f0e5','-','Aktif'),(303,27,'SUTRISNO','Jl. Wastukencana','085 865 831 433','sutrisno','userwayngraph','2d52200a205f77b8c4631b41e5d6f0e5','-','Aktif'),(304,27,'wildan','Jl. Wastukencana','085 727 654 567','wildan','userwayngraph','2d52200a205f77b8c4631b41e5d6f0e5','-','Aktif'),(305,10,'ferisa','Jl Ciseureuh','081 575 161 042','ferisa','userwayngraph','2d52200a205f77b8c4631b41e5d6f0e5','-','Aktif'),(306,10,'galih','Moh. Toha','082 133 528 509','galih','userwayngraph','2d52200a205f77b8c4631b41e5d6f0e5','-','Aktif'),(307,27,'muyadi','Jl. Wastukencana','082 138 983 567','muyadi','userwayngraph','2d52200a205f77b8c4631b41e5d6f0e5','-','Aktif'),(308,27,'fatah','Jl. Wastukencana','081 228 434 52','fatah','userwayngraph','2d52200a205f77b8c4631b41e5d6f0e5','-','Aktif'),(309,7,'PAK JUJUN','Jl. Kopo 72','081 741 574 96','pakjujun','userwayngraph','2d52200a205f77b8c4631b41e5d6f0e5','-','Aktif'),(310,22,'DE FASTER','Jl. Padasuka','085 228 740 828','defaster','userwayngraph','2d52200a205f77b8c4631b41e5d6f0e5','-','Aktif'),(311,8,'tajudin','Jl. Cibaduyut Lama 9','085 292 919 131','tajudin','userwayngraph','2d52200a205f77b8c4631b41e5d6f0e5','-','Aktif'),(312,8,'lisa','Jl. Dewa Warman','085 291 054 678','lisa','userwayngraph','2d52200a205f77b8c4631b41e5d6f0e5','-','Aktif'),(313,27,'reni','Jl. Wastukencana','081 805 845 958','reni','userwayngraph','2d52200a205f77b8c4631b41e5d6f0e5','-','Aktif'),(314,8,'i wayan',' JL.Cibaduyut ','082 222 688 678','iwayan','userwayngraph','2d52200a205f77b8c4631b41e5d6f0e5','-','Aktif'),(315,8,'wahyu',' JL.Cibaduyut ','081 278 222 678','wahyu','userwayngraph','2d52200a205f77b8c4631b41e5d6f0e5','-','Aktif'),(316,10,'didi','Jl. Moch toha No 23','081 456 667 671','didi','userwayngraph','2d52200a205f77b8c4631b41e5d6f0e5','-','Aktif'),(317,27,'asep','Jl. Wastukencana','089 640 999 169','asep','userwayngraph','2d52200a205f77b8c4631b41e5d6f0e5','-','Aktif'),(318,8,'h amir','Jalan Darma Jati','081 391 842 789','hamir','userwayngraph','2d52200a205f77b8c4631b41e5d6f0e5','-','Aktif'),(319,10,'yuniarti','Jl. Lengkong Kecil','085 232 054 344','yuniarti','userwayngraph','2d52200a205f77b8c4631b41e5d6f0e5','-','Aktif'),(320,8,'ibu mimin','Jl. Indrayasa','081 805 795 562','ibumimin','userwayngraph','2d52200a205f77b8c4631b41e5d6f0e5','-','Aktif'),(321,8,'uyut','Perum Singgasana Pradana Cibaduyut','081 289 223 678','uyut','userwayngraph','2d52200a205f77b8c4631b41e5d6f0e5','-','Aktif'),(322,10,'rizki','Moch. Toha 101','081 321 551 771','rizki','userwayngraph','2d52200a205f77b8c4631b41e5d6f0e5','-','Aktif'),(323,10,'panji','pungkur','083 325 780 940','panji','userwayngraph','2d52200a205f77b8c4631b41e5d6f0e5','-','Aktif'),(324,27,' TOMTOM ','Jl. Wastukencana','085 690 718 392','tomtom','userwayngraph','2d52200a205f77b8c4631b41e5d6f0e5','-','Aktif'),(325,27,' PAK HARIS WG ','Jl. Wastukencana','081 326 279 178','pakhariswg','userwayngraph','2d52200a205f77b8c4631b41e5d6f0e5','-','Aktif'),(326,27,' ATTO ART ','Jl. Wastukencana','085 225 789 398','attoart','userwayngraph','2d52200a205f77b8c4631b41e5d6f0e5','-','Aktif'),(327,27,' GRAFIMEDIA/GIMAN ','Jl. Wastukencana','085 229 762 084','grafimedia/giman','userwayngraph','2d52200a205f77b8c4631b41e5d6f0e5','-','Aktif'),(328,24,'RW','Jl. sunda','081 326 707 819','rw','userwayngraph','2d52200a205f77b8c4631b41e5d6f0e5','-','Aktif'),(329,24,'LUTHFI',' Jl. Sumur Bandung 101 ','085 640 958 788','luthfi','userwayngraph','2d52200a205f77b8c4631b41e5d6f0e5','-','Aktif'),(330,22,'ROZI','BSI','081 225 342 578','rozi','userwayngraph','2d52200a205f77b8c4631b41e5d6f0e5','-','Aktif'),(331,27,' FIKRI ','Jl. Wastukencana','081 225 743 68','fikri','userwayngraph','2d52200a205f77b8c4631b41e5d6f0e5','-','Aktif'),(332,27,' AGUS SONO ','Jl. Wastukencana','087 833 615 041','agussono','userwayngraph','2d52200a205f77b8c4631b41e5d6f0e5','-','Aktif'),(333,27,' BILL PROD ','Jl. Wastukencana','085322793861?','billprod','userwayngraph','2d52200a205f77b8c4631b41e5d6f0e5','-','Aktif'),(334,27,' ADI FIRMANSYAH ','Jl. Wastukencana','085 265 789 398','adifirmansyah','userwayngraph','2d52200a205f77b8c4631b41e5d6f0e5','-','Aktif'),(335,8,'lutpi',' JL.Cibaduyut raya ','085 229 762 084','lutpi','userwayngraph','2d52200a205f77b8c4631b41e5d6f0e5','-','Aktif'),(336,8,'misya',' JL.Cibaduyut 109 ','089 626 707 389','misya','userwayngraph','2d52200a205f77b8c4631b41e5d6f0e5','-','Aktif'),(337,7,'Wina','Jl Raya Kopo','082 225 342 539','wina','userwayngraph','2d52200a205f77b8c4631b41e5d6f0e5','-','Aktif'),(338,23,'Risma','BatuNunggal Jelita II','021-6798367','risma','userwayngraph','2d52200a205f77b8c4631b41e5d6f0e5','-','Aktif'),(339,27,' hj. Umi ','Jl. Wastukencana','085 221 762 056','hj.umi','userwayngraph','2d52200a205f77b8c4631b41e5d6f0e5','-','Aktif'),(340,27,' endah ','Jl. Wastukencana','083 345 333 819','endah','userwayngraph','2d52200a205f77b8c4631b41e5d6f0e5','-','Aktif'),(341,27,' sugimin ','Jl. Wastukencana','085 640 788 788','sugimin','userwayngraph','2d52200a205f77b8c4631b41e5d6f0e5','-','Aktif'),(342,27,' tia ','Jl. Wastukencana','081 390 718 392','tia','userwayngraph','2d52200a205f77b8c4631b41e5d6f0e5','-','Aktif'),(343,27,' wiwin ','Jl. Wastukencana','081 326 279 171','wiwin','userwayngraph','2d52200a205f77b8c4631b41e5d6f0e5','-','Aktif'),(344,27,' desi ','Jl. Wastukencana','085 225 789 398','desi','userwayngraph','2d52200a205f77b8c4631b41e5d6f0e5','-','Aktif'),(345,27,' fajar ','Jl. Wastukencana','085 229 762 084','fajar','userwayngraph','2d52200a205f77b8c4631b41e5d6f0e5','-','Aktif'),(346,27,' AGUS SONO ','Jl. Wastukencana','081 326 707 819','agussono','userwayngraph','2d52200a205f77b8c4631b41e5d6f0e5','-','Aktif'),(347,27,' BILL PROD ','Jl. Wastukencana','085 640 958 788','billprod','userwayngraph','2d52200a205f77b8c4631b41e5d6f0e5','-','Aktif'),(348,27,' ATTO ART ','Jl. Wastukencana','081 225 342 539','attoart','userwayngraph','2d52200a205f77b8c4631b41e5d6f0e5','-','Aktif'),(349,27,' SESKOAD ZAENAL ','Jl. Wastukencana','081 225 743 68','seskoadzaenal','userwayngraph','2d52200a205f77b8c4631b41e5d6f0e5','-','Aktif'),(350,24,'AGUN','Jl.Sumur Bandung','087 833 615 041','agun','userwayngraph','2d52200a205f77b8c4631b41e5d6f0e5','-','Aktif'),(351,24,'BOSENG','Jl.Sumur Bandung','085327333861?','boseng','userwayngraph','2d52200a205f77b8c4631b41e5d6f0e5','-','Aktif'),(352,24,'PAK KETUT','Jl.Sumur Bandung','085 265 789 398','pakketut','userwayngraph','2d52200a205f77b8c4631b41e5d6f0e5','-','Aktif'),(353,24,'MARTA','Jl.Sumur Bandung','085 229 762 084','marta','userwayngraph','2d52200a205f77b8c4631b41e5d6f0e5','-','Aktif'),(354,24,'PAK HARSONO','Jl.Sumur Bandung','089 626 707 819','pakharsono','userwayngraph','2d52200a205f77b8c4631b41e5d6f0e5','-','Aktif'),(355,24,'DEDI','Jl.Sumur Bandung','082 225 342 539','dedi','userwayngraph','2d52200a205f77b8c4631b41e5d6f0e5','-','Aktif'),(356,24,'PAK DIKI','Jl.Sumur Bandung','021-6888367','pakdiki','userwayngraph','2d52200a205f77b8c4631b41e5d6f0e5','-','Aktif'),(357,24,'FAUZI','Jl.Sumur Bandung','085 229 762 056','fauzi','userwayngraph','2d52200a205f77b8c4631b41e5d6f0e5','-','Aktif'),(358,24,'SAIFUL ','Jl.Sumur Bandung','083 345 787 819','saiful','userwayngraph','2d52200a205f77b8c4631b41e5d6f0e5','-','Aktif'),(359,27,' TOMTOM ','Jl. Wastukencana','085 640 788 788','tomtom','userwayngraph','2d52200a205f77b8c4631b41e5d6f0e5','-','Aktif'),(360,27,' DIKI ','Jl. Wastukencana','081 225 342 689','diki','userwayngraph','2d52200a205f77b8c4631b41e5d6f0e5','-','Aktif'),(361,27,' SATRIA ','Jl. Wastukencana','081 780 342 689','satria','userwayngraph','2d52200a205f77b8c4631b41e5d6f0e5','-','Aktif'),(362,24,'Supratman','Jl.Sumur Bandung','081 222 342 689','supratman','userwayngraph','2d52200a205f77b8c4631b41e5d6f0e5','-','Aktif'),(363,24,'Kecamatan','Jl.Sumur Bandung','081 833 615 041','kecamatan','userwayngraph','2d52200a205f77b8c4631b41e5d6f0e5','-','Aktif'),(364,24,'rahmadi','Jl.Sumur Bandung','+6285322222685?','rahmadi','userwayngraph','2d52200a205f77b8c4631b41e5d6f0e5','-','Aktif'),(365,24,'Enco','Jl.Sumur Bandung','082223720347?','enco','userwayngraph','2d52200a205f77b8c4631b41e5d6f0e5','-','Aktif'),(366,24,'Mulyana','Jl.Sumur Bandung','082113720777?','mulyana','userwayngraph','2d52200a205f77b8c4631b41e5d6f0e5','-','Aktif'),(367,24,'Ibu Ida','Jl.Sumur Bandung','089 632 444 507','ibuida','userwayngraph','2d52200a205f77b8c4631b41e5d6f0e5','-','Aktif'),(368,24,'wahyuni','Jl.Sumur Bandung','0853-97243555???','wahyuni','userwayngraph','2d52200a205f77b8c4631b41e5d6f0e5','-','Aktif'),(369,24,'abdurrachman','Jl.Sumur Bandung','085 776 422 447','abdurrachman','userwayngraph','2d52200a205f77b8c4631b41e5d6f0e5','-','Aktif'),(370,28,'NAUFAL','Jl. Cikutra ','081219550857??','naufal','userwayngraph','2d52200a205f77b8c4631b41e5d6f0e5','-','Aktif'),(371,27,' AAM ANGSANA ','Jl. Wastukencana','085 213 931 566','aamangsana','userwayngraph','2d52200a205f77b8c4631b41e5d6f0e5','-','Aktif'),(372,27,' siska ','Jl. Wastukencana','082190730146?','siska','userwayngraph','2d52200a205f77b8c4631b41e5d6f0e5','-','Aktif'),(373,27,' mamah uli ','Jl. Wastukencana','081 221 781 058','mamahuli','userwayngraph','2d52200a205f77b8c4631b41e5d6f0e5','-','Aktif'),(374,24,'AGUN','Jl.Sumur Bandung','081 222 831 452','agun','userwayngraph','2d52200a205f77b8c4631b41e5d6f0e5','-','Aktif'),(375,24,'BOSENG','Jl.Sumur Bandung','081 328 781 058','boseng','userwayngraph','2d52200a205f77b8c4631b41e5d6f0e5','-','Aktif'),(376,24,'PAK KETUT','Jl.Sumur Bandung','085 865 831 433','pakketut','userwayngraph','2d52200a205f77b8c4631b41e5d6f0e5','-','Aktif'),(377,24,'MARTA','Jl.Sumur Bandung','085 727 654 567','marta','userwayngraph','2d52200a205f77b8c4631b41e5d6f0e5','-','Aktif'),(378,24,'RIAN','Jl.Sumur Bandung','081 575 161 042','rian','userwayngraph','2d52200a205f77b8c4631b41e5d6f0e5','-','Aktif'),(379,27,' PAK HARIS WG ','Jl. Wastukencana','082 133 528 509','pakhariswg','userwayngraph','2d52200a205f77b8c4631b41e5d6f0e5','-','Aktif'),(380,27,' ATTO ART ','Jl. Wastukencana','082 138 983 567','attoart','userwayngraph','2d52200a205f77b8c4631b41e5d6f0e5','-','Aktif'),(381,27,' GRAFIMEDIA/GIMAN ','Jl. Wastukencana','081 228 434 52','grafimedia/giman','userwayngraph','2d52200a205f77b8c4631b41e5d6f0e5','-','Aktif'),(382,27,' SIC ','Jl. Wastukencana','081 741 574 96','sic','userwayngraph','2d52200a205f77b8c4631b41e5d6f0e5','-','Aktif'),(383,27,' DIKI ','Jl. Wastukencana','085 228 740 828','diki','userwayngraph','2d52200a205f77b8c4631b41e5d6f0e5','-','Aktif'),(384,27,' SATRIA ','Jl. Wastukencana','085 292 919 131','satria','userwayngraph','2d52200a205f77b8c4631b41e5d6f0e5','-','Aktif'),(385,27,' FIKRI ','Jl. Wastukencana','085 291 054 678','fikri','userwayngraph','2d52200a205f77b8c4631b41e5d6f0e5','-','Aktif'),(386,27,' AGUS SONO ','Jl. Wastukencana','081 805 845 958','agussono','userwayngraph','2d52200a205f77b8c4631b41e5d6f0e5','-','Aktif'),(387,24,'Faizal','Jl.Sumur Bandung','082 222 688 678','faizal','userwayngraph','2d52200a205f77b8c4631b41e5d6f0e5','-','Aktif'),(388,24,'RIYANTO',' Jl. Sumur Bandung 101 ','081 278 222 678','riyanto','userwayngraph','2d52200a205f77b8c4631b41e5d6f0e5','-','Aktif'),(389,24,'Sulistiawati','Jl.Sumur Bandung','081 456 667 671','sulistiawati','userwayngraph','2d52200a205f77b8c4631b41e5d6f0e5','-','Aktif'),(390,24,'Ibu Lia','Jl.Sumur Bandung','089 640 999 169','ibulia','userwayngraph','2d52200a205f77b8c4631b41e5d6f0e5','-','Aktif'),(391,24,' endah ','Jl.Sumur Bandung','081 391 842 789','endah','userwayngraph','2d52200a205f77b8c4631b41e5d6f0e5','-','Aktif'),(392,24,' sugimin ','Jl.Sumur Bandung','085 232 054 344','sugimin','userwayngraph','2d52200a205f77b8c4631b41e5d6f0e5','-','Aktif'),(393,24,' tia ','Jl.Sumur Bandung','081 805 795 562','tia','userwayngraph','2d52200a205f77b8c4631b41e5d6f0e5','-','Aktif'),(394,24,' wiwin ','Jl.Sumur Bandung','081 289 223 678','wiwin','userwayngraph','2d52200a205f77b8c4631b41e5d6f0e5','-','Aktif'),(395,24,'iis','Jl.Sumur Bandung','081 321 551 771','iis','userwayngraph','2d52200a205f77b8c4631b41e5d6f0e5','-','Aktif'),(396,24,'lisa','Jl.Sumur Bandung','083 325 780 940','lisa','userwayngraph','2d52200a205f77b8c4631b41e5d6f0e5','-','Aktif'),(397,24,'reza','Jl.Sumur Bandung','085 690 718 392','reza','userwayngraph','2d52200a205f77b8c4631b41e5d6f0e5','-','Aktif'),(398,24,'MOH ZAMIL','Jl.Sumur Bandung','081 326 279 178','mohzamil','userwayngraph','2d52200a205f77b8c4631b41e5d6f0e5','-','Aktif'),(399,24,'ASCO','Jl.Sumur Bandung','085 225 789 398','asco','userwayngraph','2d52200a205f77b8c4631b41e5d6f0e5','-','Aktif'),(400,24,'Ibu iim','Jl.Sumur Bandung','085 229 762 084','ibuiim','userwayngraph','2d52200a205f77b8c4631b41e5d6f0e5','-','Aktif'),(401,24,'FAUZI','Jl.Sumur Bandung','081 326 707 819','fauzi','userwayngraph','2d52200a205f77b8c4631b41e5d6f0e5','-','Aktif'),(402,24,'HUSNI','Jl.Sumur Bandung','085 640 958 788','husni','userwayngraph','2d52200a205f77b8c4631b41e5d6f0e5','-','Aktif'),(403,24,'BARAYA','Jl.Sumur Bandung','081 225 342 578','baraya','userwayngraph','2d52200a205f77b8c4631b41e5d6f0e5','-','Aktif'),(404,24,'HAMPURA','Jl.Sumur Bandung','081 225 743 68','hampura','userwayngraph','2d52200a205f77b8c4631b41e5d6f0e5','-','Aktif'),(405,27,' TOMTOM ','Jl. Wastukencana','087 833 615 041','tomtom','userwayngraph','2d52200a205f77b8c4631b41e5d6f0e5','-','Aktif'),(406,27,' PAK HARIS WG ','Jl. Wastukencana','085322793861?','pakhariswg','userwayngraph','2d52200a205f77b8c4631b41e5d6f0e5','-','Aktif'),(407,27,' ATTO ART ','Jl. Wastukencana','089 632 444 507','attoart','userwayngraph','2d52200a205f77b8c4631b41e5d6f0e5','-','Aktif'),(408,27,' GRAFIMEDIA/GIMAN ','Jl. Wastukencana','0853-97243555???','grafimedia/giman','userwayngraph','2d52200a205f77b8c4631b41e5d6f0e5','-','Aktif'),(409,27,' SIC ','Jl. Wastukencana','085 776 422 447','sic','userwayngraph','2d52200a205f77b8c4631b41e5d6f0e5','-','Aktif'),(410,27,' DIKI ','Jl. Wastukencana','081219550857??','diki','userwayngraph','2d52200a205f77b8c4631b41e5d6f0e5','-','Aktif'),(411,27,' SATRIA ','Jl. Wastukencana','085 213 931 566','satria','userwayngraph','2d52200a205f77b8c4631b41e5d6f0e5','-','Aktif'),(412,27,' FIKRI ','Jl. Wastukencana','082190730146?','fikri','userwayngraph','2d52200a205f77b8c4631b41e5d6f0e5','-','Aktif'),(413,27,' AGUS SONO ','Jl. Wastukencana','081 221 781 058','agussono','userwayngraph','2d52200a205f77b8c4631b41e5d6f0e5','-','Aktif'),(414,27,' BILL PROD ','Jl. Wastukencana','081 222 831 452','billprod','userwayngraph','2d52200a205f77b8c4631b41e5d6f0e5','-','Aktif'),(415,27,' ATTO ART ','Jl. Wastukencana','081 328 781 058','attoart','userwayngraph','2d52200a205f77b8c4631b41e5d6f0e5','-','Aktif'),(416,27,' SESKOAD ZAENAL ','Jl. Wastukencana','085 865 831 433','seskoadzaenal','userwayngraph','2d52200a205f77b8c4631b41e5d6f0e5','-','Aktif'),(417,27,' AGUS  ','Jl. Wastukencana','085 727 654 567','agus','userwayngraph','2d52200a205f77b8c4631b41e5d6f0e5','-','Aktif'),(418,27,' PAK ADE ','Jl. Wastukencana','081 575 161 042','pakade','userwayngraph','2d52200a205f77b8c4631b41e5d6f0e5','-','Aktif'),(419,27,' ADI FIRMANSYAH ','Jl. Wastukencana','082 133 528 509','adifirmansyah','userwayngraph','2d52200a205f77b8c4631b41e5d6f0e5','-','Aktif'),(420,27,'IMAN','Jl. Wastukencana','082 138 983 567','iman','userwayngraph','2d52200a205f77b8c4631b41e5d6f0e5','-','Aktif'),(421,27,'PAK NANA','Jl. Wastukencana','081 228 434 52','paknana','userwayngraph','2d52200a205f77b8c4631b41e5d6f0e5','-','Aktif'),(422,27,'GIMAN','Jl. Wastukencana','081 741 574 96','giman','userwayngraph','2d52200a205f77b8c4631b41e5d6f0e5','-','Aktif'),(423,27,'OSSET','Jl. Wastukencana','085 228 740 828','osset','userwayngraph','2d52200a205f77b8c4631b41e5d6f0e5','-','Aktif'),(424,27,'ANGSANA ','Jl. Wastukencana','085 292 919 131','angsana','userwayngraph','2d52200a205f77b8c4631b41e5d6f0e5','-','Aktif'),(425,8,'PAK ENO','Cibaduyut','085 291 054 678','pakeno','userwayngraph','2d52200a205f77b8c4631b41e5d6f0e5','-','Aktif'),(426,8,'MAHESA JAYA',' JL.Cibaduyut ','081 805 845 958','mahesajaya','userwayngraph','2d52200a205f77b8c4631b41e5d6f0e5','-','Aktif'),(427,8,'RONI','Jl. Cibaduyut Lama','082 222 688 678','roni','userwayngraph','2d52200a205f77b8c4631b41e5d6f0e5','-','Aktif'),(428,8,'ALI MAJALAYA',' JL.Cibaduyut 78 ','081 278 222 678','alimajalaya','userwayngraph','2d52200a205f77b8c4631b41e5d6f0e5','-','Aktif'),(429,8,'PAK NISKO',' JL.Cibaduyut ','081 456 667 671','paknisko','userwayngraph','2d52200a205f77b8c4631b41e5d6f0e5','-','Aktif'),(430,8,'SKOTE','Jl. Cibaduyut Lama 9','089 640 999 169','skote','userwayngraph','2d52200a205f77b8c4631b41e5d6f0e5','-','Aktif'),(431,8,'mimin',' JL.Cibaduyut ','081 391 842 789','mimin','userwayngraph','2d52200a205f77b8c4631b41e5d6f0e5','-','Aktif'),(432,8,'hj. Umi',' JL.Cibaduyut ','085 232 054 344','hj.umi','userwayngraph','2d52200a205f77b8c4631b41e5d6f0e5','-','Aktif'),(433,8,'wawan',' JL.Cibaduyut raya ','081 805 795 562','wawan','userwayngraph','2d52200a205f77b8c4631b41e5d6f0e5','-','Aktif'),(434,8,'amun',' JL.Cibaduyut 109 ','081 289 223 678','amun','userwayngraph','2d52200a205f77b8c4631b41e5d6f0e5','-','Aktif'),(435,27,' BU TITIN ','Jl. Wastukencana','081 321 551 771','butitin','userwayngraph','2d52200a205f77b8c4631b41e5d6f0e5','-','Aktif'),(436,27,' AAM ANGSANA ','Jl. Wastukencana','083 325 780 940','aamangsana','userwayngraph','2d52200a205f77b8c4631b41e5d6f0e5','-','Aktif'),(437,27,'PAK ACHMAD','Jl. Wastukencana','085 690 718 392','pakachmad','userwayngraph','2d52200a205f77b8c4631b41e5d6f0e5','-','Aktif'),(438,27,'NUNU','Jl. Wastukencana','081 326 279 178','nunu','userwayngraph','2d52200a205f77b8c4631b41e5d6f0e5','-','Aktif'),(439,27,'PAK IMAM','Jl. Wastukencana','085 225 789 398','pakimam','userwayngraph','2d52200a205f77b8c4631b41e5d6f0e5','-','Aktif'),(440,27,'TIGAS','Jl. Wastukencana','085 229 762 084','tigas','userwayngraph','2d52200a205f77b8c4631b41e5d6f0e5','-','Aktif'),(441,24,'HUSNI','Jl.Sumur Bandung','081 326 707 819','husni','userwayngraph','2d52200a205f77b8c4631b41e5d6f0e5','-','Aktif'),(442,8,'PAK BAMBANG',' JL.Cibaduyut ','085 640 958 788','pakbambang','userwayngraph','2d52200a205f77b8c4631b41e5d6f0e5','-','Aktif'),(443,8,'RENDI',' JL.Cibaduyut ','081 225 342 578','rendi','userwayngraph','2d52200a205f77b8c4631b41e5d6f0e5','-','Aktif'),(444,8,'DESI',' JL.Cibaduyut ','081 225 743 68','desi','userwayngraph','2d52200a205f77b8c4631b41e5d6f0e5','-','Aktif'),(445,8,'DIRO',' JL.Cibaduyut ','087 833 615 041','diro','userwayngraph','2d52200a205f77b8c4631b41e5d6f0e5','-','Aktif'),(446,8,'Wina',' JL.Cibaduyut ','085322793861?','wina','userwayngraph','2d52200a205f77b8c4631b41e5d6f0e5','-','Aktif'),(447,8,'Risma',' JL.Cibaduyut ','085 265 789 398','risma','userwayngraph','2d52200a205f77b8c4631b41e5d6f0e5','-','Aktif'),(448,24,'Faizal','Jl.Sumur Bandung','085 229 762 084','faizal','userwayngraph','2d52200a205f77b8c4631b41e5d6f0e5','-','Aktif'),(449,24,'RIYANTO',' Jl. Sumur Bandung 101 ','089 626 707 389','riyanto','userwayngraph','2d52200a205f77b8c4631b41e5d6f0e5','-','Aktif'),(450,24,'Sulistiawati','Jl.Sumur Bandung','082 225 342 539','sulistiawati','userwayngraph','2d52200a205f77b8c4631b41e5d6f0e5','-','Aktif'),(451,24,'Ibu Lia','Jl.Sumur Bandung','021-6798367','ibulia','userwayngraph','2d52200a205f77b8c4631b41e5d6f0e5','-','Aktif'),(452,24,' endah ','Jl.Sumur Bandung','085 221 762 056','endah','userwayngraph','2d52200a205f77b8c4631b41e5d6f0e5','-','Aktif'),(453,24,' sugimin ','Jl.Sumur Bandung','083 345 333 819','sugimin','userwayngraph','2d52200a205f77b8c4631b41e5d6f0e5','-','Aktif'),(454,24,' tia ','Jl.Sumur Bandung','085 640 788 788','tia','userwayngraph','2d52200a205f77b8c4631b41e5d6f0e5','-','Aktif'),(455,24,' wiwin ','Jl.Sumur Bandung','081 390 718 392','wiwin','userwayngraph','2d52200a205f77b8c4631b41e5d6f0e5','-','Aktif'),(456,24,'iis','Jl.Sumur Bandung','081 326 279 171','iis','userwayngraph','2d52200a205f77b8c4631b41e5d6f0e5','-','Aktif'),(457,24,'Supratman','Jl.Sumur Bandung','085 225 789 398','supratman','userwayngraph','2d52200a205f77b8c4631b41e5d6f0e5','-','Aktif'),(458,24,'Kecamatan','Jl.Sumur Bandung','085 229 762 084','kecamatan','userwayngraph','2d52200a205f77b8c4631b41e5d6f0e5','-','Aktif'),(459,24,'rahmadi','Jl.Sumur Bandung','081 326 707 819','rahmadi','userwayngraph','2d52200a205f77b8c4631b41e5d6f0e5','-','Aktif'),(460,24,'Enco','Jl.Sumur Bandung','085 640 958 788','enco','userwayngraph','2d52200a205f77b8c4631b41e5d6f0e5','-','Aktif'),(461,24,'Mulyana','Jl.Sumur Bandung','081 225 342 539','mulyana','userwayngraph','2d52200a205f77b8c4631b41e5d6f0e5','-','Aktif'),(462,24,'Ibu Ida','Jl.Sumur Bandung','081 225 743 68','ibuida','userwayngraph','2d52200a205f77b8c4631b41e5d6f0e5','-','Aktif'),(463,24,'wahyuni','Jl.Sumur Bandung','087 833 615 041','wahyuni','userwayngraph','2d52200a205f77b8c4631b41e5d6f0e5','-','Aktif'),(464,24,'abdurrachman','Jl.Sumur Bandung','085327333861?','abdurrachman','userwayngraph','2d52200a205f77b8c4631b41e5d6f0e5','-','Aktif'),(465,24,'lisa','Jl.Sumur Bandung','085 265 789 398','lisa','userwayngraph','2d52200a205f77b8c4631b41e5d6f0e5','-','Aktif'),(466,24,'reza','Jl.Sumur Bandung','085 229 762 084','reza','userwayngraph','2d52200a205f77b8c4631b41e5d6f0e5','-','Aktif'),(467,24,'MOH ZAMIL','Jl.Sumur Bandung','089 626 707 819','mohzamil','userwayngraph','2d52200a205f77b8c4631b41e5d6f0e5','-','Aktif'),(468,24,'ASCO','Jl.Sumur Bandung','082 225 342 539','asco','userwayngraph','2d52200a205f77b8c4631b41e5d6f0e5','-','Aktif'),(469,24,'Ibu iim','Jl.Sumur Bandung','021-6888367','ibuiim','userwayngraph','2d52200a205f77b8c4631b41e5d6f0e5','-','Aktif'),(470,24,'FAUZI','Jl.Sumur Bandung','085 229 762 056','fauzi','userwayngraph','2d52200a205f77b8c4631b41e5d6f0e5','-','Aktif'),(471,24,'HUSNI','Jl.Sumur Bandung','083 345 787 819','husni','userwayngraph','2d52200a205f77b8c4631b41e5d6f0e5','-','Aktif'),(472,24,'BARAYA','Jl.Sumur Bandung','085 640 788 788','baraya','userwayngraph','2d52200a205f77b8c4631b41e5d6f0e5','-','Aktif'),(473,24,'HAMPURA','Jl.Sumur Bandung','081 225 342 689','hampura','userwayngraph','2d52200a205f77b8c4631b41e5d6f0e5','-','Aktif'),(474,24,'JACKY','Jl.Sumur Bandung','081 780 342 689','jacky','userwayngraph','2d52200a205f77b8c4631b41e5d6f0e5','-','Aktif'),(475,24,'GIMAN','Jl.Sumur Bandung','081 222 342 689','giman','userwayngraph','2d52200a205f77b8c4631b41e5d6f0e5','-','Aktif'),(476,24,'OSSET',' Jl. Sumur Bandung 101 ','081 833 615 041','osset','userwayngraph','2d52200a205f77b8c4631b41e5d6f0e5','-','Aktif'),(477,24,'ANGSANA ','Jl.Sumur Bandung','+6285322222685?','angsana','userwayngraph','2d52200a205f77b8c4631b41e5d6f0e5','-','Aktif'),(478,24,'PAK ENO','Jl.Sumur Bandung','082223720347?','pakeno','userwayngraph','2d52200a205f77b8c4631b41e5d6f0e5','-','Aktif'),(479,24,'MAHESA JAYA','Jl.Sumur Bandung','082113720777?','mahesajaya','userwayngraph','2d52200a205f77b8c4631b41e5d6f0e5','-','Aktif'),(480,24,'RONI','Jl.Sumur Bandung','089 632 444 507','roni','userwayngraph','2d52200a205f77b8c4631b41e5d6f0e5','-','Aktif'),(481,24,'ALI MAJALAYA','Jl.Sumur Bandung','0853-97243555???','alimajalaya','userwayngraph','2d52200a205f77b8c4631b41e5d6f0e5','-','Aktif'),(482,24,'PAK NISKO','Jl.Sumur Bandung','085 776 422 447','paknisko','userwayngraph','2d52200a205f77b8c4631b41e5d6f0e5','-','Aktif'),(483,24,'SKOTE','Jl.Sumur Bandung','081219550857??','skote','userwayngraph','2d52200a205f77b8c4631b41e5d6f0e5','-','Aktif'),(484,24,'ISTANA','Jl.Sumur Bandung','085 213 931 566','istana','userwayngraph','2d52200a205f77b8c4631b41e5d6f0e5','-','Aktif'),(485,24,'A LILI OFFSET','Jl.Sumur Bandung','082190730146?','alilioffset','userwayngraph','2d52200a205f77b8c4631b41e5d6f0e5','-','Aktif'),(486,24,'DIMAS ALFABETA','Jl.Sumur Bandung','081 221 781 058','dimasalfabeta','userwayngraph','2d52200a205f77b8c4631b41e5d6f0e5','-','Aktif'),(487,24,'DIKKI UBER','Jl.Sumur Bandung','081 222 831 452','dikkiuber','userwayngraph','2d52200a205f77b8c4631b41e5d6f0e5','-','Aktif'),(488,24,'PERFORMA','Jl.Sumur Bandung','081 328 781 058','performa','userwayngraph','2d52200a205f77b8c4631b41e5d6f0e5','-','Aktif'),(489,24,'BILL P','Jl.Sumur Bandung','085 865 831 433','billp','userwayngraph','2d52200a205f77b8c4631b41e5d6f0e5','-','Aktif'),(490,24,'CANDRA','Jl.Sumur Bandung','085 727 654 567','candra','userwayngraph','2d52200a205f77b8c4631b41e5d6f0e5','-','Aktif'),(491,24,'FOKUS','Jl.Sumur Bandung','081 575 161 042','fokus','userwayngraph','2d52200a205f77b8c4631b41e5d6f0e5','-','Aktif'),(492,24,'OPIK','Jl.Sumur Bandung','082 133 528 509','opik','userwayngraph','2d52200a205f77b8c4631b41e5d6f0e5','-','Aktif'),(493,24,'NOVIA','Jl.Sumur Bandung','082 138 983 567','novia','userwayngraph','2d52200a205f77b8c4631b41e5d6f0e5','-','Aktif'),(494,24,'PAK TAUFIK','Jl.Sumur Bandung','081 228 434 52','paktaufik','userwayngraph','2d52200a205f77b8c4631b41e5d6f0e5','-','Aktif'),(495,24,'DEUIS','Jl.Sumur Bandung','081 741 574 96','deuis','userwayngraph','2d52200a205f77b8c4631b41e5d6f0e5','-','Aktif'),(496,24,'NURUL','Jl.Sumur Bandung','085 228 740 828','nurul','userwayngraph','2d52200a205f77b8c4631b41e5d6f0e5','-','Aktif'),(497,24,'VIVI','Jl.Sumur Bandung','085 292 919 131','vivi','userwayngraph','2d52200a205f77b8c4631b41e5d6f0e5','-','Aktif'),(498,24,'T76','Jl.Sumur Bandung','085 291 054 678','t76','userwayngraph','2d52200a205f77b8c4631b41e5d6f0e5','-','Aktif'),(499,24,'UPU','Jl.Sumur Bandung','081 805 845 958','upu','userwayngraph','2d52200a205f77b8c4631b41e5d6f0e5','-','Aktif'),(500,24,'ALFABETA','Jl.Sumur Bandung','082 222 688 678','alfabeta','userwayngraph','2d52200a205f77b8c4631b41e5d6f0e5','-','Aktif'),(501,8,'deska',' JL.Cibaduyut ','081 278 222 678','deska','userwayngraph','2d52200a205f77b8c4631b41e5d6f0e5','-','Aktif'),(502,8,'Suryono',' JL.Cibaduyut ','085 776 422 447','suryono','userwayngraph','2d52200a205f77b8c4631b41e5d6f0e5','-','Aktif'),(503,8,'H EMAN ',' JL.Cibaduyut ','081219550857??','heman','userwayngraph','2d52200a205f77b8c4631b41e5d6f0e5','-','Aktif'),(504,8,'KEN',' JL.Cibaduyut ','085 213 931 566','ken','userwayngraph','2d52200a205f77b8c4631b41e5d6f0e5','-','Aktif'),(505,8,'REINNISA MELATI',' JL.Cibaduyut ','082190730146?','reinnisamelati','userwayngraph','2d52200a205f77b8c4631b41e5d6f0e5','-','Aktif'),(506,8,'Rahmadi',' JL.Cibaduyut ','081 221 781 058','rahmadi','userwayngraph','2d52200a205f77b8c4631b41e5d6f0e5','-','Aktif'),(507,8,'AGUS ASBER',' JL.Cibaduyut ','081 222 831 452','agusasber','userwayngraph','2d52200a205f77b8c4631b41e5d6f0e5','-','Aktif'),(508,27,' AGUS SONO ','Jl. Wastukencana','081 328 781 058','agussono','userwayngraph','2d52200a205f77b8c4631b41e5d6f0e5','-','Aktif'),(509,24,'PAK ANTO','Jl.Sumur Bandung','085 865 831 433','pakanto','userwayngraph','2d52200a205f77b8c4631b41e5d6f0e5','-','Aktif'),(510,24,'AGUS SETTING','Jl.Sumur Bandung','085 727 654 567','agussetting','userwayngraph','2d52200a205f77b8c4631b41e5d6f0e5','-','Aktif'),(511,24,'MANG UPHU','Jl.Sumur Bandung','081 575 161 042','manguphu','userwayngraph','2d52200a205f77b8c4631b41e5d6f0e5','-','Aktif'),(512,10,'WILIAM','Jl. Lengkong Kecil','082 133 528 509','wiliam','userwayngraph','2d52200a205f77b8c4631b41e5d6f0e5','-','Aktif'),(513,10,'PKPU','Jl. Lengkong ','082 138 983 567','pkpu','userwayngraph','2d52200a205f77b8c4631b41e5d6f0e5','-','Aktif'),(514,10,'GLORIA','Jl. Lengkong Kecil','081 228 434 52','gloria','userwayngraph','2d52200a205f77b8c4631b41e5d6f0e5','-','Aktif'),(515,10,'RR PRINT','Jl. Lengkong','081 741 574 96','rrprint','userwayngraph','2d52200a205f77b8c4631b41e5d6f0e5','-','Aktif'),(516,10,'BUNGA','Jl. Lengkong Kecil','085 228 740 828','bunga','userwayngraph','2d52200a205f77b8c4631b41e5d6f0e5','-','Aktif'),(517,10,'PAK DADAN','Jl. Lengkong Kecil','085 292 919 131','pakdadan','userwayngraph','2d52200a205f77b8c4631b41e5d6f0e5','-','Aktif'),(518,10,'INDRA','Jl. Lengkong ','085 291 054 678','indra','userwayngraph','2d52200a205f77b8c4631b41e5d6f0e5','-','Aktif'),(519,10,'URBAN','Jl. Lengkong Kecil','081 805 845 958','urban','userwayngraph','2d52200a205f77b8c4631b41e5d6f0e5','-','Aktif'),(520,10,'PAK DIKKI','Jl. Lengkong Kecil','082 222 688 678','pakdikki','userwayngraph','2d52200a205f77b8c4631b41e5d6f0e5','-','Aktif'),(521,10,'PAK RENDI','Jl. Lengkong Kecil','081 278 222 678','pakrendi','userwayngraph','2d52200a205f77b8c4631b41e5d6f0e5','-','Aktif'),(522,10,'SEPTI','Jl. Lengkong ','081 456 667 671','septi','userwayngraph','2d52200a205f77b8c4631b41e5d6f0e5','-','Aktif'),(523,10,'KATUHU','Jl. Lengkong Kecil','089 640 999 169','katuhu','userwayngraph','2d52200a205f77b8c4631b41e5d6f0e5','-','Aktif'),(524,10,'KENDIGI','Jl. Lengkong ','081 391 842 789','kendigi','userwayngraph','2d52200a205f77b8c4631b41e5d6f0e5','-','Aktif'),(525,10,'PAK IMAN','Jl. Lengkong Kecil','085 232 054 344','pakiman','userwayngraph','2d52200a205f77b8c4631b41e5d6f0e5','-','Aktif'),(526,10,'MC ABADI','Jl. Lengkong Kecil','081 805 795 562','mcabadi','userwayngraph','2d52200a205f77b8c4631b41e5d6f0e5','-','Aktif'),(527,10,'PAK ACHMAD','Jl. Lengkong Kecil','081 289 223 678','pakachmad','userwayngraph','2d52200a205f77b8c4631b41e5d6f0e5','-','Aktif'),(528,10,'NUNU','Jl. Lengkong Kecil','081 321 551 771','nunu','userwayngraph','2d52200a205f77b8c4631b41e5d6f0e5','-','Aktif'),(529,10,'PAK IMAM','Jl. Lengkong Kecil','083 325 780 940','pakimam','userwayngraph','2d52200a205f77b8c4631b41e5d6f0e5','-','Aktif'),(530,10,'TIGAS','Jl. Lengkong Kecil','085 690 718 392','tigas','userwayngraph','2d52200a205f77b8c4631b41e5d6f0e5','-','Aktif'),(531,10,'IMAN','Jl. Lengkong Kecil','081 326 279 178','iman','userwayngraph','2d52200a205f77b8c4631b41e5d6f0e5','-','Aktif'),(532,10,'PAK NANA','Jl. Lengkong Kecil','085 225 789 398','paknana','userwayngraph','2d52200a205f77b8c4631b41e5d6f0e5','-','Aktif'),(533,10,'RONI','Moch Toha','085 229 762 084','roni','userwayngraph','2d52200a205f77b8c4631b41e5d6f0e5','-','Aktif'),(534,10,'ALI MAJALAYA','Moch Toha','081 326 707 819','alimajalaya','userwayngraph','2d52200a205f77b8c4631b41e5d6f0e5','-','Aktif'),(535,10,'PAK NISKO','Moch Toha','085 640 958 788','paknisko','userwayngraph','2d52200a205f77b8c4631b41e5d6f0e5','-','Aktif'),(536,10,'SKOTE','Moch Toha','081 225 342 578','skote','userwayngraph','2d52200a205f77b8c4631b41e5d6f0e5','-','Aktif'),(537,24,'ISTI MENARA','Jl.Sumur Bandung','081 225 743 68','istimenara','userwayngraph','2d52200a205f77b8c4631b41e5d6f0e5','-','Aktif'),(538,24,'SMK PI','Jl.Sumur Bandung','087 833 615 041','smkpi','userwayngraph','2d52200a205f77b8c4631b41e5d6f0e5','-','Aktif'),(539,24,'SPM','Jl.Sumur Bandung','085322793861?','spm','userwayngraph','2d52200a205f77b8c4631b41e5d6f0e5','-','Aktif'),(540,10,'REINNISA MELATI','Moch Toha','085 265 789 398','reinnisamelati','userwayngraph','2d52200a205f77b8c4631b41e5d6f0e5','-','Aktif'),(541,10,'Rahmadi','Moch Toha','085 229 762 084','rahmadi','userwayngraph','2d52200a205f77b8c4631b41e5d6f0e5','-','Aktif'),(542,10,'AGUS ASBER','Moch Toha','089 626 707 389','agusasber','userwayngraph','2d52200a205f77b8c4631b41e5d6f0e5','-','Aktif'),(543,10,'PAK BAMBANG','Moch Toha','082 225 342 539','pakbambang','userwayngraph','2d52200a205f77b8c4631b41e5d6f0e5','-','Aktif'),(544,24,'CAHAYA WARNA','Jl.Sumur Bandung','021-6798367','cahayawarna','userwayngraph','2d52200a205f77b8c4631b41e5d6f0e5','-','Aktif'),(545,24,'CREATIVE','Jl.Sumur Bandung','085 221 762 056','creative','userwayngraph','2d52200a205f77b8c4631b41e5d6f0e5','-','Aktif'),(546,24,'BAHAGIA','Jl.Sumur Bandung','083 345 333 819','bahagia','userwayngraph','2d52200a205f77b8c4631b41e5d6f0e5','-','Aktif'),(547,24,'ATO','Jl.Sumur Bandung','085 640 788 788','ato','userwayngraph','2d52200a205f77b8c4631b41e5d6f0e5','-','Aktif'),(548,24,'UYUN','Jl.Sumur Bandung','081 225 342 689','uyun','userwayngraph','2d52200a205f77b8c4631b41e5d6f0e5','-','Aktif'),(549,10,'Wahana Logistik','Moch Toha','081 780 342 689','wahanalogistik','userwayngraph','2d52200a205f77b8c4631b41e5d6f0e5','-','Aktif'),(550,10,'Lilis','Moch Toha','081 222 342 689','lilis','userwayngraph','2d52200a205f77b8c4631b41e5d6f0e5','-','Aktif'),(551,10,'Siska','Moch Toha','081 833 615 041','siska','userwayngraph','2d52200a205f77b8c4631b41e5d6f0e5','-','Aktif'),(552,10,'Gereja Baptis','Moch Toha','+6285322222685?','gerejabaptis','userwayngraph','2d52200a205f77b8c4631b41e5d6f0e5','-','Aktif'),(553,10,'Faizal','Moch Toha','082223720347?','faizal','userwayngraph','2d52200a205f77b8c4631b41e5d6f0e5','-','Aktif'),(554,10,'RIYANTO','Moch Toha','082113720777?','riyanto','userwayngraph','2d52200a205f77b8c4631b41e5d6f0e5','-','Aktif'),(555,10,' ATTO ART ','Moch Toha','089 632 444 507','attoart','userwayngraph','2d52200a205f77b8c4631b41e5d6f0e5','-','Aktif'),(556,9,' SESKOAD ZAENAL ','Jl. Astana Anyar','0853-97243555???','seskoadzaenal','userwayngraph','2d52200a205f77b8c4631b41e5d6f0e5','-','Aktif'),(557,9,' AGUS  ','Jl. Astana Anyar','085 776 422 447','agus','userwayngraph','2d52200a205f77b8c4631b41e5d6f0e5','-','Aktif'),(558,9,' PAK ADE ','Jl. Astana Anyar','081219550857??','pakade','userwayngraph','2d52200a205f77b8c4631b41e5d6f0e5','-','Aktif'),(559,9,'Zahra ','Jl. Astana Anyar','085 213 931 566','zahra','userwayngraph','2d52200a205f77b8c4631b41e5d6f0e5','-','Aktif'),(560,10,'RENDI','Moch Toha','82190733697','rendi','userwayngraph','2d52200a205f77b8c4631b41e5d6f0e5','-','Aktif'),(561,10,'DESI','Moch Toha','081 221 781 058','desi','userwayngraph','2d52200a205f77b8c4631b41e5d6f0e5','-','Aktif'),(562,10,'DIRO','Moch Toha','081 222 831 452','diro','userwayngraph','2d52200a205f77b8c4631b41e5d6f0e5','-','Aktif'),(563,10,'Wina','Moch Toha','081 578 781 058','wina','userwayngraph','2d52200a205f77b8c4631b41e5d6f0e5','-','Aktif'),(564,10,'Risma','Moch Toha','085 865 754 433','risma','userwayngraph','2d52200a205f77b8c4631b41e5d6f0e5','-','Aktif'),(565,10,'Faizal','Moch Toha','085 727 654 567','faizal','userwayngraph','2d52200a205f77b8c4631b41e5d6f0e5','-','Aktif'),(566,10,'RIYANTO','Moch Toha','081 575 161 042','riyanto','userwayngraph','2d52200a205f77b8c4631b41e5d6f0e5','-','Aktif'),(567,10,'marsya','Moch Toha','082 133 578 509','marsya','userwayngraph','2d52200a205f77b8c4631b41e5d6f0e5','-','Aktif'),(568,22,'musa','BSI','082 138 983 567','musa','userwayngraph','2d52200a205f77b8c4631b41e5d6f0e5','-','Aktif'),(569,22,'darwin','BSI','081 345 688 678','darwin','userwayngraph','2d52200a205f77b8c4631b41e5d6f0e5','-','Aktif'),(570,22,'joko','BSI','081 245 688 678','joko','userwayngraph','2d52200a205f77b8c4631b41e5d6f0e5','-','Aktif'),(571,22,'lesi ','BSI','081 326 666 671','lesi','userwayngraph','2d52200a205f77b8c4631b41e5d6f0e5','-','Aktif'),(572,23,'Kawasaki','Jl. Ahmad Yani 206','085 640 076 169','kawasaki','userwayngraph','2d52200a205f77b8c4631b41e5d6f0e5','-','Aktif'),(573,23,'nurzaman','Jl. Ahmad Yani 265','081 391 842 844','nurzaman','userwayngraph','2d52200a205f77b8c4631b41e5d6f0e5','-','Aktif'),(574,23,'Mebel','Jl. Ahmad Yani 224','085 291 054 456','mebel','userwayngraph','2d52200a205f77b8c4631b41e5d6f0e5','-','Aktif'),(575,23,'Print','Jl. Ahmad Yani 306','081 805 845 978','print','userwayngraph','2d52200a205f77b8c4631b41e5d6f0e5','-','Aktif'),(576,23,'Adi','Jl. Ahmad Yani 300','081 325 628 678','adi','userwayngraph','2d52200a205f77b8c4631b41e5d6f0e5','-','Aktif'),(577,23,'Juju','Jl. Ahmad Yani 365','081 325 551 775','juju','userwayngraph','2d52200a205f77b8c4631b41e5d6f0e5','-','Aktif'),(578,23,'mamat','Jl. Ahmad Yani ','081 325 330 940','mamat','userwayngraph','2d52200a205f77b8c4631b41e5d6f0e5','-','Aktif'),(579,17,'Rahmadi','Ujung Berung','081 390 718 392','rahmadi','userwayngraph','2d52200a205f77b8c4631b41e5d6f0e5','-','Aktif'),(580,17,'Raisa','Ujung Berung','081 326 279 171','raisa','userwayngraph','2d52200a205f77b8c4631b41e5d6f0e5','-','Aktif'),(581,17,'oni','Ujung Berung','085 225 789 398','oni','userwayngraph','2d52200a205f77b8c4631b41e5d6f0e5','-','Aktif'),(582,17,'agus','Ujung Berung','085 229 762 084','agus','userwayngraph','2d52200a205f77b8c4631b41e5d6f0e5','-','Aktif'),(583,17,'Taruna ','Ujung Berung','081 326 707 819','taruna','userwayngraph','2d52200a205f77b8c4631b41e5d6f0e5','-','Aktif'),(584,17,'isma','Ujung Berung','085 640 958 788','isma','userwayngraph','2d52200a205f77b8c4631b41e5d6f0e5','-','Aktif'),(585,17,'Imam','Ujung Berung','081 225 342 539','imam','userwayngraph','2d52200a205f77b8c4631b41e5d6f0e5','-','Aktif'),(586,17,'Bayu','Ujung Berung','081 225 743 68','bayu','userwayngraph','2d52200a205f77b8c4631b41e5d6f0e5','-','Aktif'),(587,17,'Sarah','Ujung Berung','087 833 615 041','sarah','userwayngraph','2d52200a205f77b8c4631b41e5d6f0e5','-','Aktif'),(588,17,'Hari','Ujung Berung','085327333861?','hari','userwayngraph','2d52200a205f77b8c4631b41e5d6f0e5','-','Aktif'),(589,17,'Dena','Ujung Berung','085 265 789 398','dena','userwayngraph','2d52200a205f77b8c4631b41e5d6f0e5','-','Aktif'),(590,17,'YUYUN','Ujung Berung','085 229 762 084','yuyun','userwayngraph','2d52200a205f77b8c4631b41e5d6f0e5','-','Aktif'),(591,8,'RENDI','Jalan Mekar Makmur II','089 626 707 819','rendi','userwayngraph','2d52200a205f77b8c4631b41e5d6f0e5','-','Aktif'),(592,8,'h iim',' JL.Cibaduyut 78 ','082 225 342 539','hiim','userwayngraph','2d52200a205f77b8c4631b41e5d6f0e5','-','Aktif'),(593,8,'bapak made',' JL.Cibaduyut ','021-6888367','bapakmade','userwayngraph','2d52200a205f77b8c4631b41e5d6f0e5','-','Aktif'),(594,8,'marsya','Jalan Lingga Dewata','085 229 762 056','marsya','userwayngraph','2d52200a205f77b8c4631b41e5d6f0e5','-','Aktif'),(595,8,'PAK SULE','Jalan Kutamaya','083 345 787 819','paksule','userwayngraph','2d52200a205f77b8c4631b41e5d6f0e5','-','Aktif'),(596,8,'ANISCO','Jl. Dewa Warman','085 640 788 788','anisco','userwayngraph','2d52200a205f77b8c4631b41e5d6f0e5','-','Aktif'),(597,8,'mahmudin','Jalan Prambanan','081 225 342 689','mahmudin','userwayngraph','2d52200a205f77b8c4631b41e5d6f0e5','-','Aktif'),(598,7,'Mariam','Jalan Peta','081 780 342 689','mariam','userwayngraph','2d52200a205f77b8c4631b41e5d6f0e5','-','Aktif'),(599,7,'Yusla','Jl. Pilar kencana','081 222 342 689','yusla','userwayngraph','2d52200a205f77b8c4631b41e5d6f0e5','-','Aktif'),(600,7,'Fani','Jl. Pilar kencana','081 833 615 041','fani','userwayngraph','2d52200a205f77b8c4631b41e5d6f0e5','-','Aktif'),(601,27,'wahyuni','Jl. Wastukencana','+6285322222685?','wahyuni','userwayngraph','2d52200a205f77b8c4631b41e5d6f0e5','-','Aktif'),(602,27,'abdurrachman','Jl. Wastukencana','082223720347?','abdurrachman','userwayngraph','2d52200a205f77b8c4631b41e5d6f0e5','-','Aktif'),(603,27,'lisa','Jl. Wastukencana','082113720777?','lisa','userwayngraph','2d52200a205f77b8c4631b41e5d6f0e5','-','Aktif'),(604,27,'MOH ZAMIL','Jl. Wastukencana','089 632 444 507','mohzamil','userwayngraph','2d52200a205f77b8c4631b41e5d6f0e5','-','Aktif'),(605,27,'ASCO','Jl. Wastukencana 75','0853-97243555???','asco','userwayngraph','2d52200a205f77b8c4631b41e5d6f0e5','-','Aktif'),(606,27,'Ibu iim','Gg Nangkasukani','085 776 422 447','ibuiim','userwayngraph','2d52200a205f77b8c4631b41e5d6f0e5','-','Aktif'),(607,27,'BARAYA','Jl.Supratman','081219550857??','baraya','userwayngraph','2d52200a205f77b8c4631b41e5d6f0e5','-','Aktif'),(608,27,'MARTA','Jl Ahmad Yani 34','085 213 931 566','marta','userwayngraph','2d52200a205f77b8c4631b41e5d6f0e5','-','Aktif'),(609,27,'NUR SAID','Jl. Wastukencana','082190730146?','nursaid','userwayngraph','2d52200a205f77b8c4631b41e5d6f0e5','-','Aktif'),(610,27,'SUGIARTO','Jl. Wastukencana','081 221 781 058','sugiarto','userwayngraph','2d52200a205f77b8c4631b41e5d6f0e5','-','Aktif'),(611,27,'AHMADUN','Jl. Wastukencana 89','081 222 831 452','ahmadun','userwayngraph','2d52200a205f77b8c4631b41e5d6f0e5','-','Aktif'),(612,27,'SUSILO','Jl. Wastukencana','081 328 781 058','susilo','userwayngraph','2d52200a205f77b8c4631b41e5d6f0e5','-','Aktif'),(613,7,'Yusla','jalan sukamulya','085 865 831 433','yusla','userwayngraph','2d52200a205f77b8c4631b41e5d6f0e5','-','Aktif'),(614,13,'Riani','Telkom','085 727 654 567','riani','userwayngraph','2d52200a205f77b8c4631b41e5d6f0e5','-','Aktif'),(615,13,'Ajeng','Telkom','081 575 161 042','ajeng','userwayngraph','2d52200a205f77b8c4631b41e5d6f0e5','-','Aktif'),(616,13,'Olivia','Telkom','082 133 528 509','olivia','userwayngraph','2d52200a205f77b8c4631b41e5d6f0e5','-','Aktif'),(617,13,'Dinia','Telkom','082 138 983 567','dinia','userwayngraph','2d52200a205f77b8c4631b41e5d6f0e5','-','Aktif'),(618,13,'I wayan','Telkom','081 228 434 52','iwayan','userwayngraph','2d52200a205f77b8c4631b41e5d6f0e5','-','Aktif'),(619,13,'ketut','Telkom','081 741 574 96','ketut','userwayngraph','2d52200a205f77b8c4631b41e5d6f0e5','-','Aktif'),(620,13,'made','Telkom','085 228 740 828','made','userwayngraph','2d52200a205f77b8c4631b41e5d6f0e5','-','Aktif'),(621,13,'putu eka','Telkom','085 292 919 131','putueka','userwayngraph','2d52200a205f77b8c4631b41e5d6f0e5','-','Aktif'),(622,25,'Mang Uko','Jl. Kebon Jati','085 291 054 678','manguko','userwayngraph','2d52200a205f77b8c4631b41e5d6f0e5','-','Aktif'),(623,25,'Pak Asep','Andir','081 805 845 958','pakasep','userwayngraph','2d52200a205f77b8c4631b41e5d6f0e5','-','Aktif'),(624,25,'Santi','Andir','082 222 688 678','santi','userwayngraph','2d52200a205f77b8c4631b41e5d6f0e5','-','Aktif'),(625,24,' HAIDAR ','Jl. Merdeka ','081 278 222 678','haidar','userwayngraph','2d52200a205f77b8c4631b41e5d6f0e5','-','Aktif'),(626,15,' PROPAM POLDA JABAR ','Jl. Gede Bage','081 456 667 671','propampoldajabar','userwayngraph','2d52200a205f77b8c4631b41e5d6f0e5','-','Aktif'),(627,10,' ERWAN ','Moh. Toha','089 632 444 507','erwan','userwayngraph','2d52200a205f77b8c4631b41e5d6f0e5','-','Aktif'),(628,35,' PAK WILIAM ',' Komp Pondok Hijau Cmh ','0853-97243555???','pakwiliam','userwayngraph','2d52200a205f77b8c4631b41e5d6f0e5','-','Aktif'),(629,35,'PAK ASEP','Jl.Cidahu Cmh','085 776 422 447','pakasep','userwayngraph','2d52200a205f77b8c4631b41e5d6f0e5','-','Aktif'),(630,23,'Dilan','BatuNunggal','081219550857??','dilan','userwayngraph','2d52200a205f77b8c4631b41e5d6f0e5','-','Aktif'),(631,10,'mamat','Moch. Toha 98','085 213 931 566','mamat','userwayngraph','2d52200a205f77b8c4631b41e5d6f0e5','-','Aktif'),(632,27,'Nunung','Jl. Martadinata ','082190730146?','nunung','userwayngraph','2d52200a205f77b8c4631b41e5d6f0e5','-','Aktif'),(633,8,'Kiki','Jl. Indrayasa','081 221 781 058','kiki','userwayngraph','2d52200a205f77b8c4631b41e5d6f0e5','-','Aktif'),(634,8,'Gugun','Perum Singgasana Pradana Cibaduyut','081 222 831 452','gugun','userwayngraph','2d52200a205f77b8c4631b41e5d6f0e5','-','Aktif'),(635,24,'Aji M',' Jl. Sunda ','081 328 781 058','ajim','userwayngraph','2d52200a205f77b8c4631b41e5d6f0e5','-','Aktif'),(636,21,'PAK HARIS WG','Jl. Raya Cikadut','085 865 831 433','pakhariswg','userwayngraph','2d52200a205f77b8c4631b41e5d6f0e5','-','Aktif'),(637,27,'lisa','Jl. Wastukencana','085 727 654 567','lisa','userwayngraph','2d52200a205f77b8c4631b41e5d6f0e5','-','Aktif'),(638,27,'MOH ZAMIL','Jl. Wastukencana','081 575 161 042','mohzamil','userwayngraph','2d52200a205f77b8c4631b41e5d6f0e5','-','Aktif'),(639,10,'mimin','Moch Toha','082 133 528 509','mimin','userwayngraph','2d52200a205f77b8c4631b41e5d6f0e5','-','Aktif'),(640,10,'hj. Umi','Moch Toha','082 138 983 567','hj.umi','userwayngraph','2d52200a205f77b8c4631b41e5d6f0e5','-','Aktif'),(641,10,'wawan','Moch Toha','081 228 434 52','wawan','userwayngraph','2d52200a205f77b8c4631b41e5d6f0e5','-','Aktif'),(642,10,'amun','Moch Toha','083 345 787 819','amun','userwayngraph','2d52200a205f77b8c4631b41e5d6f0e5','-','Aktif'),(643,10,'deska','Moch Toha','085 640 788 788','deska','userwayngraph','2d52200a205f77b8c4631b41e5d6f0e5','-','Aktif'),(644,10,'devi','Moch Toha','081 225 342 689','devi','userwayngraph','2d52200a205f77b8c4631b41e5d6f0e5','-','Aktif'),(645,10,'H EMAN ','Moch Toha','081 780 342 689','heman','userwayngraph','2d52200a205f77b8c4631b41e5d6f0e5','-','Aktif'),(646,10,'KEN','Moch Toha','081 222 342 689','ken','userwayngraph','2d52200a205f77b8c4631b41e5d6f0e5','-','Aktif'),(647,10,' KIKI ','Jl. Pungkur','081 833 615 041','kiki','userwayngraph','2d52200a205f77b8c4631b41e5d6f0e5','-','Aktif'),(648,11,' Nrmala ',' SMP 13 bandung ','+6285322222685?','nrmala','userwayngraph','2d52200a205f77b8c4631b41e5d6f0e5','-','Aktif'),(649,27,' HARIS WG ','Jl. rancaloa','082223720347?','hariswg','userwayngraph','2d52200a205f77b8c4631b41e5d6f0e5','-','Aktif'),(650,10,' PAK HERMAN BCK ',' Jalan Pungkur ','082113720777?','pakhermanbck','userwayngraph','2d52200a205f77b8c4631b41e5d6f0e5','-','Aktif'),(651,24,' BU HETI ',' Babakan Ciamis ','089 632 444 507','buheti','userwayngraph','2d52200a205f77b8c4631b41e5d6f0e5','-','Aktif'),(652,27,'Yuki','Jl.Supratman','0853-97243555???','yuki','userwayngraph','2d52200a205f77b8c4631b41e5d6f0e5','-','Aktif'),(653,27,'Maulana','Jl Ahmad Yani 34','085 776 422 447','maulana','userwayngraph','2d52200a205f77b8c4631b41e5d6f0e5','-','Aktif'),(654,27,' I wayan ','Jl. Wastukencana 89','081219550857??','iwayan','userwayngraph','2d52200a205f77b8c4631b41e5d6f0e5','-','Aktif'),(655,27,'asep','Jl. Wastukencana','085 213 931 566','asep','userwayngraph','2d52200a205f77b8c4631b41e5d6f0e5','-','Aktif'),(656,8,'h amir','Jalan Darma Jati','082190730146?','hamir','userwayngraph','2d52200a205f77b8c4631b41e5d6f0e5','-','Aktif'),(657,10,'yuniarti','Jl. Lengkong Kecil','081 221 781 058','yuniarti','userwayngraph','2d52200a205f77b8c4631b41e5d6f0e5','-','Aktif'),(658,8,'ibu mimin','Jl. Indrayasa','081 222 831 452','ibumimin','userwayngraph','2d52200a205f77b8c4631b41e5d6f0e5','-','Aktif'),(659,8,'uyut','Perum Singgasana Pradana Cibaduyut','081 328 781 058','uyut','userwayngraph','2d52200a205f77b8c4631b41e5d6f0e5','-','Aktif'),(660,10,'rizki','Moch. Toha 101','085 865 831 433','rizki','userwayngraph','2d52200a205f77b8c4631b41e5d6f0e5','-','Aktif'),(661,10,'panji','pungkur','085 727 654 567','panji','userwayngraph','2d52200a205f77b8c4631b41e5d6f0e5','-','Aktif'),(662,27,' AGUS SONO ',' Jl. Jeruk Cihapit ','081 575 161 042','agussono','userwayngraph','2d52200a205f77b8c4631b41e5d6f0e5','-','Aktif'),(663,8,' BILL PROD ',' JL.Cibaduyut ','082 133 528 509','billprod','userwayngraph','2d52200a205f77b8c4631b41e5d6f0e5','-','Aktif'),(664,31,' ATTO ART ','Jl.Sukajadi','082 138 983 567','attoart','userwayngraph','2d52200a205f77b8c4631b41e5d6f0e5','-','Aktif');

/*Table structure for table `penentuan_segmentasi` */

DROP TABLE IF EXISTS `penentuan_segmentasi`;

CREATE TABLE `penentuan_segmentasi` (
  `kode_penentuan_segmentasi` int(11) NOT NULL AUTO_INCREMENT,
  `kode_wilayah_pasar` int(11) NOT NULL,
  `kode_kriteria_penilaian_segmentasi` int(11) NOT NULL,
  `nilai_segmentasi` float NOT NULL,
  PRIMARY KEY (`kode_penentuan_segmentasi`),
  KEY `kode_kategori_segmentasi` (`kode_kriteria_penilaian_segmentasi`),
  KEY `kode_wilayah_pasar` (`kode_wilayah_pasar`),
  CONSTRAINT `penentuan_segmentasi_ibfk_3` FOREIGN KEY (`kode_wilayah_pasar`) REFERENCES `wilayah_pasar` (`kode_wilayah_pasar`) ON DELETE CASCADE ON UPDATE CASCADE,
  CONSTRAINT `penentuan_segmentasi_ibfk_2` FOREIGN KEY (`kode_kriteria_penilaian_segmentasi`) REFERENCES `kriteria_penilaian_segmentasi` (`kode_kriteria_penilaian_segmentasi`) ON DELETE CASCADE ON UPDATE CASCADE
) ENGINE=InnoDB DEFAULT CHARSET=latin1;

/*Data for the table `penentuan_segmentasi` */

/*Table structure for table `pengguna` */

DROP TABLE IF EXISTS `pengguna`;

CREATE TABLE `pengguna` (
  `id_pengguna` int(11) NOT NULL AUTO_INCREMENT,
  `nik` varchar(16) DEFAULT NULL,
  `username` varchar(128) NOT NULL,
  `email` varchar(128) NOT NULL,
  `photo` varchar(255) NOT NULL,
  `tanggal_update` datetime NOT NULL,
  `status` enum('Aktif','Tidak Aktif') NOT NULL,
  `password` varchar(255) NOT NULL,
  `level` enum('Direktur Utama','Manager','Marketing','Staff Administrasi') NOT NULL,
  PRIMARY KEY (`id_pengguna`),
  KEY `nik` (`nik`),
  CONSTRAINT `pengguna_ibfk_1` FOREIGN KEY (`nik`) REFERENCES `pegawai` (`nik`) ON DELETE CASCADE ON UPDATE CASCADE
) ENGINE=InnoDB AUTO_INCREMENT=7 DEFAULT CHARSET=latin1;

/*Data for the table `pengguna` */

insert  into `pengguna`(`id_pengguna`,`nik`,`username`,`email`,`photo`,`tanggal_update`,`status`,`password`,`level`) values (1,'003121202','admin','administration@wayngraph.com','','2017-05-17 17:23:13','Aktif','21232f297a57a5a743894a0e4a801fc3','Staff Administrasi'),(4,'002020299','manager','manager@wayngraph.com','','2017-05-17 20:51:23','Aktif','1d0258c2440a8d19e716292b231e3190','Manager'),(5,'001100298','direktur','chief@wayngraph.com','','2017-05-17 20:51:52','Aktif','4fbfd324f5ffcdff5dbf6f019b02eca8','Direktur Utama'),(6,'004090989','marketing','sales@wayngraph.com','','2017-05-17 20:52:21','Aktif','c769c2bd15500dd906102d9be97fdceb','Marketing');

/*Table structure for table `promosi` */

DROP TABLE IF EXISTS `promosi`;

CREATE TABLE `promosi` (
  `kode_promosi` int(11) NOT NULL AUTO_INCREMENT,
  `id_pengguna` int(11) NOT NULL,
  `nama_promosi` varchar(128) NOT NULL,
  `isi_promosi` text NOT NULL,
  `gambar` varchar(255) NOT NULL,
  `tanggal_mulai` date NOT NULL,
  `tanggal_selesai` date NOT NULL,
  `status` enum('Aktif','Tidak Aktif') NOT NULL,
  PRIMARY KEY (`kode_promosi`),
  KEY `id_pengguna` (`id_pengguna`),
  CONSTRAINT `promosi_ibfk_1` FOREIGN KEY (`id_pengguna`) REFERENCES `pengguna` (`id_pengguna`) ON DELETE CASCADE ON UPDATE CASCADE
) ENGINE=InnoDB AUTO_INCREMENT=4 DEFAULT CHARSET=latin1;

/*Data for the table `promosi` */

/*Table structure for table `transaksi` */

DROP TABLE IF EXISTS `transaksi`;

CREATE TABLE `transaksi` (
  `kode_transaksi` varchar(16) NOT NULL,
  `kode_pelanggan` int(11) NOT NULL,
  `tanggal` date NOT NULL,
  `status_pengerjaan` enum('Dalam Proses','Selesai','Dibatalkan') NOT NULL,
  `status_pembayaran` enum('Lunas','Belum Lunas') NOT NULL,
  `status_transaksi` enum('Diterima','Dalam Proses','Dibatalkan') NOT NULL,
  PRIMARY KEY (`kode_transaksi`),
  KEY `kode_pelanggan` (`kode_pelanggan`),
  CONSTRAINT `transaksi_ibfk_1` FOREIGN KEY (`kode_pelanggan`) REFERENCES `pelanggan` (`kode_pelanggan`) ON DELETE CASCADE ON UPDATE CASCADE
) ENGINE=InnoDB DEFAULT CHARSET=latin1;

/*Data for the table `transaksi` */

/*Table structure for table `wilayah_pasar` */

DROP TABLE IF EXISTS `wilayah_pasar`;

CREATE TABLE `wilayah_pasar` (
  `kode_wilayah_pasar` int(11) NOT NULL AUTO_INCREMENT,
  `id_pengguna` int(11) NOT NULL,
  `nama_wilayah_pasar` varchar(128) NOT NULL,
  `keterangan` text NOT NULL,
  `status_kandidat` enum('Ya','Tidak','Dalam Proses') NOT NULL,
  `status_pemilihan` enum('Ya','Tidak','Dalam Proses') NOT NULL,
  `status_penilaian` enum('Belum','Sudah') NOT NULL,
  `hasil_penilaian` float NOT NULL,
  `status` enum('Aktif','Tidak Aktif') NOT NULL,
  PRIMARY KEY (`kode_wilayah_pasar`),
  KEY `id_pengguna` (`id_pengguna`),
  CONSTRAINT `wilayah_pasar_ibfk_1` FOREIGN KEY (`id_pengguna`) REFERENCES `pengguna` (`id_pengguna`) ON DELETE CASCADE ON UPDATE CASCADE
) ENGINE=InnoDB AUTO_INCREMENT=38 DEFAULT CHARSET=latin1;

/*Data for the table `wilayah_pasar` */

insert  into `wilayah_pasar`(`kode_wilayah_pasar`,`id_pengguna`,`nama_wilayah_pasar`,`keterangan`,`status_kandidat`,`status_pemilihan`,`status_penilaian`,`hasil_penilaian`,`status`) values (5,6,'Bandung Kulon','-','Dalam Proses','Dalam Proses','Belum',0,'Aktif'),(6,6,'Babakan Ciparay','-','Dalam Proses','Dalam Proses','Belum',0,'Aktif'),(7,6,'Bojongloa Kaler','-','Dalam Proses','Dalam Proses','Belum',0,'Aktif'),(8,6,'Bojongloa Kidul','-','Dalam Proses','Dalam Proses','Belum',0,'Aktif'),(9,6,'Astana Anyar','-','Dalam Proses','Dalam Proses','Belum',0,'Aktif'),(10,6,'Regol','-','Dalam Proses','Dalam Proses','Belum',0,'Aktif'),(11,6,'Lengkong','-','Dalam Proses','Dalam Proses','Belum',0,'Aktif'),(12,6,'Bandung Kidul','-','Dalam Proses','Dalam Proses','Belum',0,'Aktif'),(13,6,'Buah Batu','-\r\n','Dalam Proses','Dalam Proses','Belum',0,'Aktif'),(14,6,'Rancasari','-','Dalam Proses','Dalam Proses','Belum',0,'Aktif'),(15,6,'Gedebage','-','Dalam Proses','Dalam Proses','Belum',0,'Aktif'),(16,6,'Panyileukan','-','Dalam Proses','Dalam Proses','Belum',0,'Aktif'),(17,6,'Ujung Berung','-','Dalam Proses','Dalam Proses','Belum',0,'Aktif'),(18,6,'Cinambo','-','Dalam Proses','Dalam Proses','Belum',0,'Aktif'),(19,6,'Arcamanik','-','Dalam Proses','Dalam Proses','Belum',0,'Aktif'),(20,6,'Antapani','-','Dalam Proses','Dalam Proses','Belum',0,'Aktif'),(21,6,'Mandalajati','-','Dalam Proses','Dalam Proses','Belum',0,'Aktif'),(22,6,'Kiaracondong','-','Dalam Proses','Dalam Proses','Belum',0,'Aktif'),(23,6,'Batununggal','-','Dalam Proses','Dalam Proses','Belum',0,'Aktif'),(24,6,'Sumur Bandung','-','Dalam Proses','Dalam Proses','Belum',0,'Aktif'),(25,6,'Andir','-','Dalam Proses','Dalam Proses','Belum',0,'Aktif'),(26,6,'Cicendo','-','Dalam Proses','Dalam Proses','Belum',0,'Aktif'),(27,6,'Bandung Wetan','-','Dalam Proses','Dalam Proses','Belum',0,'Aktif'),(28,6,'Cibeunying Kidul','-','Dalam Proses','Dalam Proses','Belum',0,'Aktif'),(29,6,'Cibeunying Kaler','-','Dalam Proses','Dalam Proses','Belum',0,'Aktif'),(30,6,'Coblong','-','Dalam Proses','Dalam Proses','Belum',0,'Aktif'),(31,6,'Sukajadi','-','Dalam Proses','Dalam Proses','Belum',0,'Aktif'),(32,6,'Sukasari','-','Dalam Proses','Dalam Proses','Belum',0,'Aktif'),(33,6,'Cidadap','-','Dalam Proses','Dalam Proses','Belum',0,'Aktif'),(34,6,'Cimahi Selatan','-','Dalam Proses','Dalam Proses','Belum',0,'Aktif'),(35,6,'Cimahi Tengah','-','Dalam Proses','Dalam Proses','Belum',0,'Aktif'),(36,6,'Cimahi Utara','-','Dalam Proses','Dalam Proses','Belum',0,'Aktif'),(37,6,'Cibiru','-','Dalam Proses','Dalam Proses','Belum',0,'Aktif');

/*!40101 SET SQL_MODE=@OLD_SQL_MODE */;
/*!40014 SET FOREIGN_KEY_CHECKS=@OLD_FOREIGN_KEY_CHECKS */;
/*!40014 SET UNIQUE_CHECKS=@OLD_UNIQUE_CHECKS */;
/*!40111 SET SQL_NOTES=@OLD_SQL_NOTES */;
